Date,Home,Away,Minute Scored,Goal Scorer,Fact,Team
2017-08-11,Arsenal,Leicester City,2,Alexandre Lacazette,Assist:Mohamed Elneny,Arsenal
2017-08-11,Arsenal,Leicester City,45+2,Danny Welbeck,Assist:Sead Kolašinac,Arsenal
2017-08-11,Arsenal,Leicester City,83,Aaron Ramsey,Assist:Granit Xhaka,Arsenal
2017-08-11,Arsenal,Leicester City,85,Olivier Giroud,Assist:Granit Xhaka,Arsenal
2017-08-11,Arsenal,Leicester City,5,Shinji Okazaki,Assist:Harry Maguire,Leicester City
2017-08-11,Arsenal,Leicester City,29,Jamie Vardy,Assist:Marc Albrighton,Leicester City
2017-08-11,Arsenal,Leicester City,56,Jamie Vardy,Assist:Riyad Mahrez,Leicester City
2017-08-12,Watford,Liverpool,8,Stefano Okaka,Assist:José Holebas,Watford
2017-08-12,Watford,Liverpool,32,Abdoulaye Doucouré,,Watford
2017-08-12,Watford,Liverpool,90+3,Miguel Britos,,Watford
2017-08-12,Watford,Liverpool,29,Sadio Mané,Assist:Emre Can,Liverpool
2017-08-12,Watford,Liverpool,55,Roberto Firmino,Penalty Kick,Liverpool
2017-08-12,Watford,Liverpool,57,Mohamed Salah,Assist:Roberto Firmino,Liverpool
2017-08-12,West Brom,Bournemouth,31,Ahmed Hegazi,Assist:Chris Brunt,West Brom
2017-08-12,Everton,Stoke City,45+1,Wayne Rooney,Assist:Dominic Calvert-Lewin,Everton
2017-08-12,Chelsea,Burnley,69,Álvaro Morata,Assist:Willian,Chelsea
2017-08-12,Chelsea,Burnley,88,David Luiz,Assist:Álvaro Morata,Chelsea
2017-08-12,Chelsea,Burnley,24,Sam Vokes,Assist:Matthew Lowton,Burnley
2017-08-12,Chelsea,Burnley,39,Stephen Ward,Assist:Jack Cork,Burnley
2017-08-12,Chelsea,Burnley,43,Sam Vokes,Assist:Steven Defour,Burnley
2017-08-12,Crystal Palace,Huddersfield,23,Joel Ward,Own Goal,Huddersfield
2017-08-12,Crystal Palace,Huddersfield,26,Steve Mounié,Assist:Aaron Mooy,Huddersfield
2017-08-12,Crystal Palace,Huddersfield,78,Steve Mounié,Assist:Collin Quaner,Huddersfield
2017-08-12,Brighton,Manchester City,70,Sergio Agüero,Assist:David Silva,Manchester City
2017-08-12,Brighton,Manchester City,75,Lewis Dunk,Own Goal,Manchester City
2017-08-13,Newcastle Utd,Tottenham,61,Dele Alli,Assist:Christian Eriksen,Tottenham
2017-08-13,Newcastle Utd,Tottenham,70,Ben Davies,Assist:Christian Eriksen,Tottenham
2017-08-13,Manchester Utd,West Ham,33,Romelu Lukaku,Assist:Marcus Rashford,Manchester Utd
2017-08-13,Manchester Utd,West Ham,52,Romelu Lukaku,Assist:Henrikh Mkhitaryan,Manchester Utd
2017-08-13,Manchester Utd,West Ham,87,Anthony Martial,Assist:Henrikh Mkhitaryan,Manchester Utd
2017-08-13,Manchester Utd,West Ham,90,Paul Pogba,Assist:Anthony Martial,Manchester Utd
2017-08-19,Swansea City,Manchester Utd,45,Eric Bailly,,Manchester Utd
2017-08-19,Swansea City,Manchester Utd,80,Romelu Lukaku,Assist:Henrikh Mkhitaryan,Manchester Utd
2017-08-19,Swansea City,Manchester Utd,82,Paul Pogba,Assist:Henrikh Mkhitaryan,Manchester Utd
2017-08-19,Swansea City,Manchester Utd,84,Anthony Martial,Assist:Paul Pogba,Manchester Utd
2017-08-19,Southampton,West Ham,11,Manolo Gabbiadini,Assist:Nathan Redmond,Southampton
2017-08-19,Southampton,West Ham,38,Dušan Tadić,Penalty Kick,Southampton
2017-08-19,Southampton,West Ham,90+3,Charlie Austin,Penalty Kick,Southampton
2017-08-19,Southampton,West Ham,45,Javier Hernández,,West Ham
2017-08-19,Southampton,West Ham,74,Javier Hernández,,West Ham
2017-08-19,Leicester City,Brighton,1,Shinji Okazaki,,Leicester City
2017-08-19,Leicester City,Brighton,54,Harry Maguire,Assist:Riyad Mahrez,Leicester City
2017-08-19,Bournemouth,Watford,73,Richarlison,,Watford
2017-08-19,Bournemouth,Watford,86,Étienne Capoue,,Watford
2017-08-19,Burnley,West Brom,71,Hal Robson-Kanu,Assist:Matt Phillips,West Brom
2017-08-19,Liverpool,Crystal Palace,73,Sadio Mané,,Liverpool
2017-08-19,Stoke City,Arsenal,47,Jesé,Assist:Saido Berahino,Stoke City
2017-08-20,Huddersfield,Newcastle Utd,50,Aaron Mooy,Assist:Elias Kachunga,Huddersfield
2017-08-20,Tottenham,Chelsea,82,Michy Batshuayi,Own Goal,Tottenham
2017-08-20,Tottenham,Chelsea,24,Marcos Alonso,,Chelsea
2017-08-20,Tottenham,Chelsea,88,Marcos Alonso,Assist:Pedro,Chelsea
2017-08-21,Manchester City,Everton,82,Raheem Sterling,,Manchester City
2017-08-21,Manchester City,Everton,35,Wayne Rooney,Assist:Dominic Calvert-Lewin,Everton
2017-08-26,Bournemouth,Manchester City,13,Charlie Daniels,,Bournemouth
2017-08-26,Bournemouth,Manchester City,21,Gabriel Jesus,Assist:David Silva,Manchester City
2017-08-26,Bournemouth,Manchester City,90+7,Raheem Sterling,Assist:Danilo,Manchester City
2017-08-26,Crystal Palace,Swansea City,44,Tammy Abraham,Assist:Leroy Fer,Swansea City
2017-08-26,Crystal Palace,Swansea City,48,Jordan Ayew,Assist:Kyle Naughton,Swansea City
2017-08-26,Newcastle Utd,West Ham,36,Joselu,Assist:Christian Atsu,Newcastle Utd
2017-08-26,Newcastle Utd,West Ham,72,Ciaran Clark,Assist:Matt Ritchie,Newcastle Utd
2017-08-26,Newcastle Utd,West Ham,86,Aleksandar Mitrović,Assist:Ayoze Pérez,Newcastle Utd
2017-08-26,Manchester Utd,Leicester City,70,Marcus Rashford,Assist:Henrikh Mkhitaryan,Manchester Utd
2017-08-26,Manchester Utd,Leicester City,82,Marouane Fellaini,Assist:Jesse Lingard,Manchester Utd
2017-08-27,West Brom,Stoke City,61,Jay Rodriguez,Assist:Allan Nyom,West Brom
2017-08-27,West Brom,Stoke City,77,Peter Crouch,,Stoke City
2017-08-27,Chelsea,Everton,27,Cesc Fàbregas,Assist:Álvaro Morata,Chelsea
2017-08-27,Chelsea,Everton,40,Álvaro Morata,Assist:César Azpilicueta,Chelsea
2017-08-27,Tottenham,Burnley,49,Dele Alli,,Tottenham
2017-08-27,Tottenham,Burnley,90+2,Chris Wood,Assist:Robbie Brady,Burnley
2017-08-27,Liverpool,Arsenal,17,Roberto Firmino,Assist:Joe Gomez,Liverpool
2017-08-27,Liverpool,Arsenal,40,Sadio Mané,Assist:Roberto Firmino,Liverpool
2017-08-27,Liverpool,Arsenal,57,Mohamed Salah,,Liverpool
2017-08-27,Liverpool,Arsenal,77,Daniel Sturridge,Assist:Mohamed Salah,Liverpool
2017-09-09,Manchester City,Liverpool,24,Sergio Agüero,Assist:Kevin De Bruyne,Manchester City
2017-09-09,Manchester City,Liverpool,45+6,Gabriel Jesus,Assist:Kevin De Bruyne,Manchester City
2017-09-09,Manchester City,Liverpool,53,Gabriel Jesus,Assist:Sergio Agüero,Manchester City
2017-09-09,Manchester City,Liverpool,77,Leroy Sané,Assist:Benjamin Mendy,Manchester City
2017-09-09,Manchester City,Liverpool,90+1,Leroy Sané,Assist:Kyle Walker,Manchester City
2017-09-09,Southampton,Watford,38,Abdoulaye Doucouré,Assist:Kiko Femenía,Watford
2017-09-09,Southampton,Watford,66,Daryl Janmaat,Assist:Tom Cleverley,Watford
2017-09-09,Brighton,West Brom,45,Pascal Groß,Assist:Solly March,Brighton
2017-09-09,Brighton,West Brom,48,Pascal Groß,Assist:Tomer Hemed,Brighton
2017-09-09,Brighton,West Brom,63,Tomer Hemed,Assist:Pascal Groß,Brighton
2017-09-09,Brighton,West Brom,77,James Morrison,Assist:Oliver Burke,West Brom
2017-09-09,Leicester City,Chelsea,62,Jamie Vardy,Penalty Kick,Leicester City
2017-09-09,Leicester City,Chelsea,41,Álvaro Morata,Assist:César Azpilicueta,Chelsea
2017-09-09,Leicester City,Chelsea,50,N'Golo Kanté,Assist:Antonio Rüdiger,Chelsea
2017-09-09,Everton,Tottenham,28,Harry Kane,Assist:Kieran Trippier,Tottenham
2017-09-09,Everton,Tottenham,42,Christian Eriksen,,Tottenham
2017-09-09,Everton,Tottenham,46,Harry Kane,Assist:Ben Davies,Tottenham
2017-09-09,Arsenal,Bournemouth,6,Danny Welbeck,Assist:Sead Kolašinac,Arsenal
2017-09-09,Arsenal,Bournemouth,27,Alexandre Lacazette,Assist:Danny Welbeck,Arsenal
2017-09-09,Arsenal,Bournemouth,50,Danny Welbeck,Assist:Aaron Ramsey,Arsenal
2017-09-09,Stoke City,Manchester Utd,43,Eric Maxim Choupo-Moting,Assist:Mame Biram Diouf,Stoke City
2017-09-09,Stoke City,Manchester Utd,63,Eric Maxim Choupo-Moting,Assist:Xherdan Shaqiri,Stoke City
2017-09-09,Stoke City,Manchester Utd,45+1,Marcus Rashford,Assist:Paul Pogba,Manchester Utd
2017-09-09,Stoke City,Manchester Utd,57,Romelu Lukaku,,Manchester Utd
2017-09-10,Burnley,Crystal Palace,3,Chris Wood,,Burnley
2017-09-10,Swansea City,Newcastle Utd,76,Jamaal Lascelles,Assist:Matt Ritchie,Newcastle Utd
2017-09-11,West Ham,Huddersfield,72,Pedro Obiang,Assist:André Ayew,West Ham
2017-09-11,West Ham,Huddersfield,77,André Ayew,,West Ham
2017-09-15,Bournemouth,Brighton,67,Andrew Surman,Assist:Jordon Ibe,Bournemouth
2017-09-15,Bournemouth,Brighton,73,Jermain Defoe,Assist:Jordon Ibe,Bournemouth
2017-09-15,Bournemouth,Brighton,55,Solly March,Assist:Pascal Groß,Brighton
2017-09-16,Crystal Palace,Southampton,6,Steven Davis,,Southampton
2017-09-16,Liverpool,Burnley,30,Mohamed Salah,Assist:Emre Can,Liverpool
2017-09-16,Liverpool,Burnley,27,Scott Arfield,,Burnley
2017-09-16,Watford,Manchester City,27,Sergio Agüero,Assist:Kevin De Bruyne,Manchester City
2017-09-16,Watford,Manchester City,31,Sergio Agüero,Assist:David Silva,Manchester City
2017-09-16,Watford,Manchester City,37,Gabriel Jesus,Assist:Sergio Agüero,Manchester City
2017-09-16,Watford,Manchester City,63,Nicolás Otamendi,Assist:David Silva,Manchester City
2017-09-16,Watford,Manchester City,81,Sergio Agüero,Assist:Kyle Walker,Manchester City
2017-09-16,Watford,Manchester City,89,Raheem Sterling,Penalty Kick,Manchester City
2017-09-16,Huddersfield,Leicester City,46,Laurent Depoitre,Assist:Abdelhamid Sabiri,Huddersfield
2017-09-16,Huddersfield,Leicester City,50,Jamie Vardy,Penalty Kick,Leicester City
2017-09-16,Newcastle Utd,Stoke City,19,Christian Atsu,Assist:Matt Ritchie,Newcastle Utd
2017-09-16,Newcastle Utd,Stoke City,68,Jamaal Lascelles,Assist:Matt Ritchie,Newcastle Utd
2017-09-16,Newcastle Utd,Stoke City,57,Xherdan Shaqiri,Assist:Joe Allen,Stoke City
2017-09-17,Manchester Utd,Everton,4,Antonio Valencia,Assist:Nemanja Matić,Manchester Utd
2017-09-17,Manchester Utd,Everton,83,Henrikh Mkhitaryan,Assist:Romelu Lukaku,Manchester Utd
2017-09-17,Manchester Utd,Everton,89,Romelu Lukaku,Assist:Jesse Lingard,Manchester Utd
2017-09-17,Manchester Utd,Everton,90+2,Anthony Martial,Penalty Kick,Manchester Utd
2017-09-23,West Ham,Tottenham,65,Javier Hernández,Assist:José Fonte,West Ham
2017-09-23,West Ham,Tottenham,87,Cheikhou Kouyaté,Assist:Arthur Masuaku,West Ham
2017-09-23,West Ham,Tottenham,34,Harry Kane,Assist:Dele Alli,Tottenham
2017-09-23,West Ham,Tottenham,38,Harry Kane,,Tottenham
2017-09-23,West Ham,Tottenham,60,Christian Eriksen,,Tottenham
2017-09-23,Southampton,Manchester Utd,20,Romelu Lukaku,,Manchester Utd
2017-09-23,Everton,Bournemouth,77,Oumar Niasse,Assist:Tom Davies,Everton
2017-09-23,Everton,Bournemouth,82,Oumar Niasse,,Everton
2017-09-23,Everton,Bournemouth,49,Joshua King,Assist:Charlie Daniels,Bournemouth
2017-09-23,Swansea City,Watford,56,Tammy Abraham,,Swansea City
2017-09-23,Swansea City,Watford,13,Andre Gray,,Watford
2017-09-23,Swansea City,Watford,90,Richarlison,Assist:Troy Deeney,Watford
2017-09-23,Stoke City,Chelsea,2,Álvaro Morata,Assist:César Azpilicueta,Chelsea
2017-09-23,Stoke City,Chelsea,30,Pedro,,Chelsea
2017-09-23,Stoke City,Chelsea,77,Álvaro Morata,Assist:Tiemoué Bakayoko,Chelsea
2017-09-23,Stoke City,Chelsea,82,Álvaro Morata,Assist:César Azpilicueta,Chelsea
2017-09-23,Manchester City,Crystal Palace,44,Leroy Sané,Assist:David Silva,Manchester City
2017-09-23,Manchester City,Crystal Palace,51,Raheem Sterling,Assist:Leroy Sané,Manchester City
2017-09-23,Manchester City,Crystal Palace,59,Raheem Sterling,Assist:Sergio Agüero,Manchester City
2017-09-23,Manchester City,Crystal Palace,79,Sergio Agüero,Assist:Leroy Sané,Manchester City
2017-09-23,Manchester City,Crystal Palace,89,Fabian Delph,Assist:David Silva,Manchester City
2017-09-23,Leicester City,Liverpool,45+3,Shinji Okazaki,Assist:Harry Maguire,Leicester City
2017-09-23,Leicester City,Liverpool,69,Jamie Vardy,,Leicester City
2017-09-23,Leicester City,Liverpool,15,Mohamed Salah,Assist:Philippe Coutinho,Liverpool
2017-09-23,Leicester City,Liverpool,23,Philippe Coutinho,,Liverpool
2017-09-23,Leicester City,Liverpool,68,Jordan Henderson,Assist:Daniel Sturridge,Liverpool
2017-09-24,Brighton,Newcastle Utd,51,Tomer Hemed,Assist:Dale Stephens,Brighton
2017-09-25,Arsenal,West Brom,20,Alexandre Lacazette,,Arsenal
2017-09-25,Arsenal,West Brom,67,Alexandre Lacazette,Penalty Kick,Arsenal
2017-09-30,Huddersfield,Tottenham,9,Harry Kane,Assist:Kieran Trippier,Tottenham
2017-09-30,Huddersfield,Tottenham,16,Ben Davies,,Tottenham
2017-09-30,Huddersfield,Tottenham,23,Harry Kane,Assist:Kieran Trippier,Tottenham
2017-09-30,Huddersfield,Tottenham,90+1,Moussa Sissoko,Assist:Ben Davies,Tottenham
2017-09-30,Stoke City,Southampton,40,Mame Biram Diouf,Assist:Xherdan Shaqiri,Stoke City
2017-09-30,Stoke City,Southampton,85,Peter Crouch,Assist:Eric Maxim Choupo-Moting,Stoke City
2017-09-30,Stoke City,Southampton,75,Maya Yoshida,Assist:Shane Long,Southampton
2017-09-30,Manchester Utd,Crystal Palace,3,Juan Mata,Assist:Marcus Rashford,Manchester Utd
2017-09-30,Manchester Utd,Crystal Palace,35,Marouane Fellaini,Assist:Ashley Young,Manchester Utd
2017-09-30,Manchester Utd,Crystal Palace,49,Marouane Fellaini,Assist:Marcus Rashford,Manchester Utd
2017-09-30,Manchester Utd,Crystal Palace,86,Romelu Lukaku,Assist:Anthony Martial,Manchester Utd
2017-09-30,West Brom,Watford,18,Salomón Rondón,Assist:Grzegorz Krychowiak,West Brom
2017-09-30,West Brom,Watford,21,Jonny Evans,,West Brom
2017-09-30,West Brom,Watford,37,Abdoulaye Doucouré,Assist:Richarlison,Watford
2017-09-30,West Brom,Watford,90+5,Richarlison,Assist:José Holebas,Watford
2017-09-30,West Ham,Swansea City,90,Diafra Sakho,Assist:Arthur Masuaku,West Ham
2017-09-30,Chelsea,Manchester City,67,Kevin De Bruyne,Assist:Gabriel Jesus,Manchester City
2017-10-01,Arsenal,Brighton,16,Nacho Monreal,,Arsenal
2017-10-01,Arsenal,Brighton,56,Alex Iwobi,Assist:Alexis Sánchez,Arsenal
2017-10-01,Everton,Burnley,21,Jeff Hendrick,Assist:Stephen Ward,Burnley
2017-10-01,Newcastle Utd,Liverpool,36,Joselu,,Newcastle Utd
2017-10-01,Newcastle Utd,Liverpool,29,Philippe Coutinho,,Liverpool
2017-10-14,Tottenham,Bournemouth,47,Christian Eriksen,,Tottenham
2017-10-14,Swansea City,Huddersfield,42,Tammy Abraham,Assist:Tom Carroll,Swansea City
2017-10-14,Swansea City,Huddersfield,48,Tammy Abraham,Assist:Jordan Ayew,Swansea City
2017-10-14,Crystal Palace,Chelsea,11,César Azpilicueta,Own Goal,Crystal Palace
2017-10-14,Crystal Palace,Chelsea,45,Wilfried Zaha,Assist:Mamadou Sakho,Crystal Palace
2017-10-14,Crystal Palace,Chelsea,18,Tiemoué Bakayoko,Assist:Cesc Fàbregas,Chelsea
2017-10-14,Burnley,West Ham,85,Chris Wood,Assist:Jóhann Berg Guðmundsson,Burnley
2017-10-14,Burnley,West Ham,19,Michail Antonio,Assist:Joe Hart,West Ham
2017-10-14,Manchester City,Stoke City,17,Gabriel Jesus,Assist:Kyle Walker,Manchester City
2017-10-14,Manchester City,Stoke City,19,Raheem Sterling,Assist:Leroy Sané,Manchester City
2017-10-14,Manchester City,Stoke City,27,David Silva,Assist:Raheem Sterling,Manchester City
2017-10-14,Manchester City,Stoke City,55,Gabriel Jesus,Assist:Kevin De Bruyne,Manchester City
2017-10-14,Manchester City,Stoke City,60,Fernandinho,Assist:Fabian Delph,Manchester City
2017-10-14,Manchester City,Stoke City,62,Leroy Sané,Assist:Kevin De Bruyne,Manchester City
2017-10-14,Manchester City,Stoke City,79,Bernardo Silva,Assist:Raheem Sterling,Manchester City
2017-10-14,Manchester City,Stoke City,44,Mame Biram Diouf,Assist:Jesé,Stoke City
2017-10-14,Manchester City,Stoke City,47,Kyle Walker,Own Goal,Stoke City
2017-10-14,Watford,Arsenal,71,Troy Deeney,Penalty Kick,Watford
2017-10-14,Watford,Arsenal,90+2,Tom Cleverley,,Watford
2017-10-14,Watford,Arsenal,39,Per Mertesacker,Assist:Granit Xhaka,Arsenal
2017-10-15,Brighton,Everton,82,Anthony Knockaert,Assist:Pascal Groß,Brighton
2017-10-15,Brighton,Everton,90,Wayne Rooney,Penalty Kick,Everton
2017-10-15,Southampton,Newcastle Utd,49,Manolo Gabbiadini,Assist:Nathan Redmond,Southampton
2017-10-15,Southampton,Newcastle Utd,75,Manolo Gabbiadini,Penalty Kick,Southampton
2017-10-15,Southampton,Newcastle Utd,20,Isaac Hayden,,Newcastle Utd
2017-10-15,Southampton,Newcastle Utd,51,Ayoze Pérez,,Newcastle Utd
2017-10-16,Leicester City,West Brom,80,Riyad Mahrez,Assist:Islam Slimani,Leicester City
2017-10-16,Leicester City,West Brom,63,Nacer Chadli,,West Brom
2017-10-20,West Ham,Brighton,10,Glenn Murray,Assist:Pascal Groß,Brighton
2017-10-20,West Ham,Brighton,45+2,José Izquierdo,Assist:Davy Pröpper,Brighton
2017-10-20,West Ham,Brighton,75,Glenn Murray,Penalty Kick,Brighton
2017-10-21,Chelsea,Watford,12,Pedro,Assist:Eden Hazard,Chelsea
2017-10-21,Chelsea,Watford,71,Michy Batshuayi,Assist:Pedro,Chelsea
2017-10-21,Chelsea,Watford,87,César Azpilicueta,,Chelsea
2017-10-21,Chelsea,Watford,90+5,Michy Batshuayi,Assist:Tiemoué Bakayoko,Chelsea
2017-10-21,Chelsea,Watford,45+2,Abdoulaye Doucouré,,Watford
2017-10-21,Chelsea,Watford,49,Roberto Pereyra,Assist:Richarlison,Watford
2017-10-21,Swansea City,Leicester City,56,Alfie Mawson,Assist:Jordan Ayew,Swansea City
2017-10-21,Swansea City,Leicester City,24,Federico Fernández,Own Goal,Leicester City
2017-10-21,Swansea City,Leicester City,49,Shinji Okazaki,Assist:Riyad Mahrez,Leicester City
2017-10-21,Newcastle Utd,Crystal Palace,86,Mikel Merino,,Newcastle Utd
2017-10-21,Manchester City,Burnley,30,Sergio Agüero,Penalty Kick,Manchester City
2017-10-21,Manchester City,Burnley,73,Nicolás Otamendi,Assist:Leroy Sané,Manchester City
2017-10-21,Manchester City,Burnley,75,Leroy Sané,Assist:Kevin De Bruyne,Manchester City
2017-10-21,Stoke City,Bournemouth,63,Mame Biram Diouf,Assist:Eric Maxim Choupo-Moting,Stoke City
2017-10-21,Stoke City,Bournemouth,16,Andrew Surman,Assist:Junior Stanislas,Bournemouth
2017-10-21,Stoke City,Bournemouth,18,Junior Stanislas,Penalty Kick,Bournemouth
2017-10-21,Huddersfield,Manchester Utd,28,Aaron Mooy,,Huddersfield
2017-10-21,Huddersfield,Manchester Utd,33,Laurent Depoitre,Assist:Jonas Lössl,Huddersfield
2017-10-21,Huddersfield,Manchester Utd,78,Marcus Rashford,Assist:Romelu Lukaku,Manchester Utd
2017-10-21,Southampton,West Brom,85,Sofiane Boufal,,Southampton
2017-10-22,Everton,Arsenal,12,Wayne Rooney,,Everton
2017-10-22,Everton,Arsenal,90+3,Oumar Niasse,,Everton
2017-10-22,Everton,Arsenal,40,Nacho Monreal,,Arsenal
2017-10-22,Everton,Arsenal,53,Mesut Özil,Assist:Alexis Sánchez,Arsenal
2017-10-22,Everton,Arsenal,74,Alexandre Lacazette,Assist:Mesut Özil,Arsenal
2017-10-22,Everton,Arsenal,90,Aaron Ramsey,Assist:Jack Wilshere,Arsenal
2017-10-22,Everton,Arsenal,90+5,Alexis Sánchez,Assist:Aaron Ramsey,Arsenal
2017-10-22,Tottenham,Liverpool,4,Harry Kane,Assist:Kieran Trippier,Tottenham
2017-10-22,Tottenham,Liverpool,12,Son Heung-min,Assist:Harry Kane,Tottenham
2017-10-22,Tottenham,Liverpool,45+3,Dele Alli,,Tottenham
2017-10-22,Tottenham,Liverpool,56,Harry Kane,,Tottenham
2017-10-22,Tottenham,Liverpool,24,Mohamed Salah,Assist:Jordan Henderson,Liverpool
2017-10-28,Manchester Utd,Tottenham,81,Anthony Martial,Assist:Romelu Lukaku,Manchester Utd
2017-10-28,Liverpool,Huddersfield,50,Daniel Sturridge,,Liverpool
2017-10-28,Liverpool,Huddersfield,58,Roberto Firmino,Assist:James Milner,Liverpool
2017-10-28,Liverpool,Huddersfield,75,Georginio Wijnaldum,Assist:Mohamed Salah,Liverpool
2017-10-28,Crystal Palace,West Ham,50,Luka Milivojević,Penalty Kick,Crystal Palace
2017-10-28,Crystal Palace,West Ham,90+7,Wilfried Zaha,Assist:Ruben Loftus-Cheek,Crystal Palace
2017-10-28,Crystal Palace,West Ham,31,Javier Hernández,Assist:Aaron Cresswell,West Ham
2017-10-28,Crystal Palace,West Ham,43,André Ayew,,West Ham
2017-10-28,West Brom,Manchester City,13,Jay Rodriguez,Assist:Gareth Barry,West Brom
2017-10-28,West Brom,Manchester City,90+2,Matt Phillips,,West Brom
2017-10-28,West Brom,Manchester City,10,Leroy Sané,Assist:Fernandinho,Manchester City
2017-10-28,West Brom,Manchester City,15,Fernandinho,Assist:Leroy Sané,Manchester City
2017-10-28,West Brom,Manchester City,64,Raheem Sterling,Assist:Kyle Walker,Manchester City
2017-10-28,Arsenal,Swansea City,51,Sead Kolašinac,Assist:Mesut Özil,Arsenal
2017-10-28,Arsenal,Swansea City,58,Aaron Ramsey,Assist:Sead Kolašinac,Arsenal
2017-10-28,Arsenal,Swansea City,22,Sam Clucas,Assist:Tammy Abraham,Swansea City
2017-10-28,Watford,Stoke City,16,Darren Fletcher,Assist:Xherdan Shaqiri,Stoke City
2017-10-28,Bournemouth,Chelsea,51,Eden Hazard,Assist:Álvaro Morata,Chelsea
2017-10-29,Brighton,Southampton,52,Glenn Murray,Assist:Pascal Groß,Brighton
2017-10-29,Brighton,Southampton,7,Steven Davis,,Southampton
2017-10-29,Leicester City,Everton,18,Jamie Vardy,Assist:Riyad Mahrez,Leicester City
2017-10-29,Leicester City,Everton,29,Demarai Gray,Assist:Christian Fuchs,Leicester City
2017-10-30,Burnley,Newcastle Utd,74,Jeff Hendrick,Assist:Jóhann Berg Guðmundsson,Burnley
2017-11-04,Stoke City,Leicester City,39,Xherdan Shaqiri,Assist:Eric Maxim Choupo-Moting,Stoke City
2017-11-04,Stoke City,Leicester City,73,Peter Crouch,Assist:Xherdan Shaqiri,Stoke City
2017-11-04,Stoke City,Leicester City,33,Vicente Iborra,Assist:Harry Maguire,Leicester City
2017-11-04,Stoke City,Leicester City,60,Riyad Mahrez,Assist:Wilfred Ndidi,Leicester City
2017-11-04,Southampton,Burnley,81,Sam Vokes,Assist:Jóhann Berg Guðmundsson,Burnley
2017-11-04,Swansea City,Brighton,29,Glenn Murray,Assist:Anthony Knockaert,Brighton
2017-11-04,Newcastle Utd,Bournemouth,90+2,Steve Cook,Assist:Andrew Surman,Bournemouth
2017-11-04,Huddersfield,West Brom,44,Rajiv van La Parra,Assist:Scott Malone,Huddersfield
2017-11-04,West Ham,Liverpool,55,Manuel Lanzini,Assist:André Ayew,West Ham
2017-11-04,West Ham,Liverpool,21,Mohamed Salah,Assist:Sadio Mané,Liverpool
2017-11-04,West Ham,Liverpool,24,Joël Matip,,Liverpool
2017-11-04,West Ham,Liverpool,56,Alex Oxlade-Chamberlain,,Liverpool
2017-11-04,West Ham,Liverpool,75,Mohamed Salah,Assist:Sadio Mané,Liverpool
2017-11-05,Tottenham,Crystal Palace,64,Son Heung-min,,Tottenham
2017-11-05,Manchester City,Arsenal,19,Kevin De Bruyne,Assist:Fernandinho,Manchester City
2017-11-05,Manchester City,Arsenal,50,Sergio Agüero,Penalty Kick,Manchester City
2017-11-05,Manchester City,Arsenal,74,Gabriel Jesus,Assist:David Silva,Manchester City
2017-11-05,Manchester City,Arsenal,65,Alexandre Lacazette,Assist:Aaron Ramsey,Arsenal
2017-11-05,Everton,Watford,67,Oumar Niasse,,Everton
2017-11-05,Everton,Watford,74,Dominic Calvert-Lewin,Assist:Leighton Baines,Everton
2017-11-05,Everton,Watford,90+1,Leighton Baines,Penalty Kick,Everton
2017-11-05,Everton,Watford,46,Richarlison,Assist:Andre Gray,Watford
2017-11-05,Everton,Watford,64,Christian Kabasele,Assist:José Holebas,Watford
2017-11-05,Chelsea,Manchester Utd,55,Álvaro Morata,Assist:César Azpilicueta,Chelsea
2017-11-18,Arsenal,Tottenham,36,Shkodran Mustafi,Assist:Mesut Özil,Arsenal
2017-11-18,Arsenal,Tottenham,41,Alexis Sánchez,Assist:Alexandre Lacazette,Arsenal
2017-11-18,Bournemouth,Huddersfield,26,Callum Wilson,Assist:Jordon Ibe,Bournemouth
2017-11-18,Bournemouth,Huddersfield,31,Callum Wilson,Assist:Andrew Surman,Bournemouth
2017-11-18,Bournemouth,Huddersfield,70,Harry Arter,,Bournemouth
2017-11-18,Bournemouth,Huddersfield,84,Callum Wilson,Assist:Joshua King,Bournemouth
2017-11-18,Leicester City,Manchester City,45,Gabriel Jesus,Assist:David Silva,Manchester City
2017-11-18,Leicester City,Manchester City,49,Kevin De Bruyne,Assist:Leroy Sané,Manchester City
2017-11-18,Burnley,Swansea City,29,Jack Cork,Assist:Robbie Brady,Burnley
2017-11-18,Burnley,Swansea City,40,Ashley Barnes,Assist:Jeff Hendrick,Burnley
2017-11-18,West Brom,Chelsea,17,Álvaro Morata,,Chelsea
2017-11-18,West Brom,Chelsea,23,Eden Hazard,Assist:Álvaro Morata,Chelsea
2017-11-18,West Brom,Chelsea,38,Marcos Alonso,Assist:Cesc Fàbregas,Chelsea
2017-11-18,West Brom,Chelsea,62,Eden Hazard,Assist:Cesc Fàbregas,Chelsea
2017-11-18,Crystal Palace,Everton,1,James McArthur,,Crystal Palace
2017-11-18,Crystal Palace,Everton,35,Wilfried Zaha,Assist:Joel Ward,Crystal Palace
2017-11-18,Crystal Palace,Everton,6,Leighton Baines,Penalty Kick,Everton
2017-11-18,Crystal Palace,Everton,45+1,Oumar Niasse,Assist:Gylfi Sigurðsson,Everton
2017-11-18,Liverpool,Southampton,31,Mohamed Salah,Assist:Georginio Wijnaldum,Liverpool
2017-11-18,Liverpool,Southampton,41,Mohamed Salah,Assist:Philippe Coutinho,Liverpool
2017-11-18,Liverpool,Southampton,68,Philippe Coutinho,,Liverpool
2017-11-18,Manchester Utd,Newcastle Utd,37,Anthony Martial,Assist:Paul Pogba,Manchester Utd
2017-11-18,Manchester Utd,Newcastle Utd,45+1,Chris Smalling,Assist:Ashley Young,Manchester Utd
2017-11-18,Manchester Utd,Newcastle Utd,54,Paul Pogba,Assist:Marcus Rashford,Manchester Utd
2017-11-18,Manchester Utd,Newcastle Utd,70,Romelu Lukaku,Assist:Juan Mata,Manchester Utd
2017-11-18,Manchester Utd,Newcastle Utd,14,Dwight Gayle,Assist:DeAndre Yedlin,Newcastle Utd
2017-11-19,Watford,West Ham,11,Will Hughes,Assist:Andre Gray,Watford
2017-11-19,Watford,West Ham,64,Richarlison,Assist:Will Hughes,Watford
2017-11-20,Brighton,Stoke City,44,Pascal Groß,Assist:Davy Pröpper,Brighton
2017-11-20,Brighton,Stoke City,60,José Izquierdo,,Brighton
2017-11-20,Brighton,Stoke City,28,Eric Maxim Choupo-Moting,Assist:Xherdan Shaqiri,Stoke City
2017-11-20,Brighton,Stoke City,45+1,Kurt Zouma,,Stoke City
2017-11-24,West Ham,Leicester City,45,Cheikhou Kouyaté,Assist:Manuel Lanzini,West Ham
2017-11-24,West Ham,Leicester City,8,Marc Albrighton,,Leicester City
2017-11-25,Manchester Utd,Brighton,66,Lewis Dunk,Own Goal,Manchester Utd
2017-11-25,Tottenham,West Brom,74,Harry Kane,Assist:Dele Alli,Tottenham
2017-11-25,Tottenham,West Brom,4,Salomón Rondón,Assist:Jake Livermore,West Brom
2017-11-25,Newcastle Utd,Watford,19,Will Hughes,Assist:Marvin Zeegelaar,Watford
2017-11-25,Newcastle Utd,Watford,45+1,DeAndre Yedlin,Own Goal,Watford
2017-11-25,Newcastle Utd,Watford,62,Andre Gray,Assist:Richarlison,Watford
2017-11-25,Crystal Palace,Stoke City,56,Ruben Loftus-Cheek,Assist:Andros Townsend,Crystal Palace
2017-11-25,Crystal Palace,Stoke City,90+2,Mamadou Sakho,,Crystal Palace
2017-11-25,Crystal Palace,Stoke City,53,Xherdan Shaqiri,Assist:Ryan Shawcross,Stoke City
2017-11-25,Liverpool,Chelsea,65,Mohamed Salah,Assist:Alex Oxlade-Chamberlain,Liverpool
2017-11-25,Liverpool,Chelsea,85,Willian,Assist:Eden Hazard,Chelsea
2017-11-26,Southampton,Everton,18,Dušan Tadić,Assist:Ryan Bertrand,Southampton
2017-11-26,Southampton,Everton,52,Charlie Austin,Assist:Ryan Bertrand,Southampton
2017-11-26,Southampton,Everton,58,Charlie Austin,Assist:Dušan Tadić,Southampton
2017-11-26,Southampton,Everton,87,Steven Davis,Assist:James Ward-Prowse,Southampton
2017-11-26,Southampton,Everton,45,Gylfi Sigurðsson,Assist:Dominic Calvert-Lewin,Everton
2017-11-26,Burnley,Arsenal,90+2,Alexis Sánchez,Penalty Kick,Arsenal
2017-11-26,Huddersfield,Manchester City,45+1,Nicolás Otamendi,Own Goal,Huddersfield
2017-11-26,Huddersfield,Manchester City,47,Sergio Agüero,Penalty Kick,Manchester City
2017-11-26,Huddersfield,Manchester City,84,Raheem Sterling,,Manchester City
2017-11-28,Leicester City,Tottenham,13,Jamie Vardy,Assist:Marc Albrighton,Leicester City
2017-11-28,Leicester City,Tottenham,45+1,Riyad Mahrez,Assist:Wilfred Ndidi,Leicester City
2017-11-28,Leicester City,Tottenham,79,Harry Kane,Assist:Érik Lamela,Tottenham
2017-11-28,West Brom,Newcastle Utd,45+1,Hal Robson-Kanu,Assist:Kieran Gibbs,West Brom
2017-11-28,West Brom,Newcastle Utd,56,Sam Field,Assist:Matt Phillips,West Brom
2017-11-28,West Brom,Newcastle Utd,59,Ciaran Clark,Assist:Matt Ritchie,Newcastle Utd
2017-11-28,West Brom,Newcastle Utd,83,Jonny Evans,Own Goal,Newcastle Utd
2017-11-28,Watford,Manchester Utd,77,Troy Deeney,Penalty Kick,Watford
2017-11-28,Watford,Manchester Utd,84,Abdoulaye Doucouré,Assist:André Carrillo,Watford
2017-11-28,Watford,Manchester Utd,19,Ashley Young,Assist:Jesse Lingard,Manchester Utd
2017-11-28,Watford,Manchester Utd,25,Ashley Young,,Manchester Utd
2017-11-28,Watford,Manchester Utd,32,Anthony Martial,Assist:Romelu Lukaku,Manchester Utd
2017-11-28,Watford,Manchester Utd,86,Jesse Lingard,Assist:Ander Herrera,Manchester Utd
2017-11-29,Arsenal,Huddersfield,3,Alexandre Lacazette,Assist:Aaron Ramsey,Arsenal
2017-11-29,Arsenal,Huddersfield,68,Olivier Giroud,Assist:Mesut Özil,Arsenal
2017-11-29,Arsenal,Huddersfield,69,Alexis Sánchez,Assist:Mesut Özil,Arsenal
2017-11-29,Arsenal,Huddersfield,72,Mesut Özil,Assist:Aaron Ramsey,Arsenal
2017-11-29,Arsenal,Huddersfield,87,Olivier Giroud,Assist:Sead Kolašinac,Arsenal
2017-11-29,Bournemouth,Burnley,79,Joshua King,,Bournemouth
2017-11-29,Bournemouth,Burnley,37,Chris Wood,,Burnley
2017-11-29,Bournemouth,Burnley,65,Robbie Brady,Assist:Jóhann Berg Guðmundsson,Burnley
2017-11-29,Chelsea,Swansea City,55,Antonio Rüdiger,,Chelsea
2017-11-29,Stoke City,Liverpool,17,Sadio Mané,Assist:Dominic Solanke,Liverpool
2017-11-29,Stoke City,Liverpool,77,Mohamed Salah,Assist:Sadio Mané,Liverpool
2017-11-29,Stoke City,Liverpool,83,Mohamed Salah,,Liverpool
2017-11-29,Everton,West Ham,18,Wayne Rooney,,Everton
2017-11-29,Everton,West Ham,28,Wayne Rooney,Assist:Jonjoe Kenny,Everton
2017-11-29,Everton,West Ham,66,Wayne Rooney,,Everton
2017-11-29,Everton,West Ham,78,Ashley Williams,Assist:Gylfi Sigurðsson,Everton
2017-11-29,Manchester City,Southampton,47,Kevin De Bruyne,,Manchester City
2017-11-29,Manchester City,Southampton,90+6,Raheem Sterling,Assist:Kevin De Bruyne,Manchester City
2017-11-29,Manchester City,Southampton,75,Oriol Romeu,Assist:Sofiane Boufal,Southampton
2017-12-02,Chelsea,Newcastle Utd,21,Eden Hazard,,Chelsea
2017-12-02,Chelsea,Newcastle Utd,33,Álvaro Morata,Assist:Victor Moses,Chelsea
2017-12-02,Chelsea,Newcastle Utd,74,Eden Hazard,Penalty Kick,Chelsea
2017-12-02,Chelsea,Newcastle Utd,12,Dwight Gayle,,Newcastle Utd
2017-12-02,Everton,Huddersfield,47,Gylfi Sigurðsson,Assist:Dominic Calvert-Lewin,Everton
2017-12-02,Everton,Huddersfield,73,Dominic Calvert-Lewin,Assist:Wayne Rooney,Everton
2017-12-02,Watford,Tottenham,13,Christian Kabasele,Assist:Tom Cleverley,Watford
2017-12-02,Watford,Tottenham,25,Son Heung-min,Assist:Christian Eriksen,Tottenham
2017-12-02,Leicester City,Burnley,6,Demarai Gray,,Leicester City
2017-12-02,Brighton,Liverpool,51,Glenn Murray,Penalty Kick,Brighton
2017-12-02,Brighton,Liverpool,30,Emre Can,Assist:Philippe Coutinho,Liverpool
2017-12-02,Brighton,Liverpool,31,Roberto Firmino,Assist:Philippe Coutinho,Liverpool
2017-12-02,Brighton,Liverpool,48,Roberto Firmino,Assist:Mohamed Salah,Liverpool
2017-12-02,Brighton,Liverpool,87,Philippe Coutinho,,Liverpool
2017-12-02,Brighton,Liverpool,89,Lewis Dunk,Own Goal,Liverpool
2017-12-02,Stoke City,Swansea City,36,Xherdan Shaqiri,Assist:Joe Allen,Stoke City
2017-12-02,Stoke City,Swansea City,40,Mame Biram Diouf,Assist:Peter Crouch,Stoke City
2017-12-02,Stoke City,Swansea City,3,Wilfried Bony,Assist:Martin Olsson,Swansea City
2017-12-02,Arsenal,Manchester Utd,49,Alexandre Lacazette,Assist:Aaron Ramsey,Arsenal
2017-12-02,Arsenal,Manchester Utd,4,Antonio Valencia,Assist:Paul Pogba,Manchester Utd
2017-12-02,Arsenal,Manchester Utd,11,Jesse Lingard,Assist:Anthony Martial,Manchester Utd
2017-12-02,Arsenal,Manchester Utd,63,Jesse Lingard,Assist:Paul Pogba,Manchester Utd
2017-12-03,Bournemouth,Southampton,42,Ryan Fraser,Assist:Andrew Surman,Bournemouth
2017-12-03,Bournemouth,Southampton,61,Charlie Austin,Assist:Nathan Redmond,Southampton
2017-12-03,Manchester City,West Ham,57,Nicolás Otamendi,Assist:Gabriel Jesus,Manchester City
2017-12-03,Manchester City,West Ham,83,David Silva,Assist:Kevin De Bruyne,Manchester City
2017-12-03,Manchester City,West Ham,44,Angelo Ogbonna,Assist:Aaron Cresswell,West Ham
2017-12-09,West Ham,Chelsea,6,Marko Arnautović,Assist:Manuel Lanzini,West Ham
2017-12-09,Crystal Palace,Bournemouth,41,Luka Milivojević,Penalty Kick,Crystal Palace
2017-12-09,Crystal Palace,Bournemouth,44,Scott Dann,Assist:Yohan Cabaye,Crystal Palace
2017-12-09,Crystal Palace,Bournemouth,10,Jermain Defoe,Assist:Andrew Surman,Bournemouth
2017-12-09,Crystal Palace,Bournemouth,45+3,Jermain Defoe,Assist:Lewis Cook,Bournemouth
2017-12-09,Burnley,Watford,45,Scott Arfield,Assist:Jóhann Berg Guðmundsson,Burnley
2017-12-09,Tottenham,Stoke City,21,Ryan Shawcross,Own Goal,Tottenham
2017-12-09,Tottenham,Stoke City,53,Son Heung-min,Assist:Dele Alli,Tottenham
2017-12-09,Tottenham,Stoke City,54,Harry Kane,Assist:Ben Davies,Tottenham
2017-12-09,Tottenham,Stoke City,65,Harry Kane,,Tottenham
2017-12-09,Tottenham,Stoke City,74,Christian Eriksen,Assist:Son Heung-min,Tottenham
2017-12-09,Tottenham,Stoke City,80,Ryan Shawcross,Assist:Darren Fletcher,Stoke City
2017-12-09,Huddersfield,Brighton,12,Steve Mounié,Assist:Christopher Schindler,Huddersfield
2017-12-09,Huddersfield,Brighton,43,Steve Mounié,Assist:Mathias Jørgensen,Huddersfield
2017-12-09,Swansea City,West Brom,81,Wilfried Bony,,Swansea City
2017-12-09,Newcastle Utd,Leicester City,4,Joselu,Assist:Dwight Gayle,Newcastle Utd
2017-12-09,Newcastle Utd,Leicester City,73,Dwight Gayle,Assist:Mikel Merino,Newcastle Utd
2017-12-09,Newcastle Utd,Leicester City,20,Riyad Mahrez,Assist:Wilfred Ndidi,Leicester City
2017-12-09,Newcastle Utd,Leicester City,60,Demarai Gray,Assist:Marc Albrighton,Leicester City
2017-12-09,Newcastle Utd,Leicester City,86,Ayoze Pérez,Own Goal,Leicester City
2017-12-10,Southampton,Arsenal,3,Charlie Austin,Assist:Dušan Tadić,Southampton
2017-12-10,Southampton,Arsenal,88,Olivier Giroud,Assist:Alexis Sánchez,Arsenal
2017-12-10,Liverpool,Everton,42,Mohamed Salah,Assist:Joe Gomez,Liverpool
2017-12-10,Liverpool,Everton,77,Wayne Rooney,Penalty Kick,Everton
2017-12-10,Manchester Utd,Manchester City,45+2,Marcus Rashford,,Manchester Utd
2017-12-10,Manchester Utd,Manchester City,43,David Silva,,Manchester City
2017-12-10,Manchester Utd,Manchester City,54,Nicolás Otamendi,,Manchester City
2017-12-12,Burnley,Stoke City,89,Ashley Barnes,Assist:Scott Arfield,Burnley
2017-12-12,Huddersfield,Chelsea,90+2,Laurent Depoitre,Assist:Florent Hadergjonaj,Huddersfield
2017-12-12,Huddersfield,Chelsea,23,Tiemoué Bakayoko,Assist:Willian,Chelsea
2017-12-12,Huddersfield,Chelsea,43,Willian,Assist:Marcos Alonso,Chelsea
2017-12-12,Huddersfield,Chelsea,50,Pedro,Assist:Willian,Chelsea
2017-12-12,Crystal Palace,Watford,89,Bakary Sako,,Crystal Palace
2017-12-12,Crystal Palace,Watford,90+2,James McArthur,,Crystal Palace
2017-12-12,Crystal Palace,Watford,3,Daryl Janmaat,Assist:Richarlison,Watford
2017-12-13,Swansea City,Manchester City,27,David Silva,Assist:Bernardo Silva,Manchester City
2017-12-13,Swansea City,Manchester City,34,Kevin De Bruyne,,Manchester City
2017-12-13,Swansea City,Manchester City,52,David Silva,Assist:Raheem Sterling,Manchester City
2017-12-13,Swansea City,Manchester City,85,Sergio Agüero,Assist:Yaya Touré,Manchester City
2017-12-13,Southampton,Leicester City,61,Maya Yoshida,Assist:Ryan Bertrand,Southampton
2017-12-13,Southampton,Leicester City,11,Riyad Mahrez,Assist:Shinji Okazaki,Leicester City
2017-12-13,Southampton,Leicester City,32,Shinji Okazaki,,Leicester City
2017-12-13,Southampton,Leicester City,38,Andy King,Assist:Harry Maguire,Leicester City
2017-12-13,Southampton,Leicester City,69,Shinji Okazaki,Assist:Jamie Vardy,Leicester City
2017-12-13,Newcastle Utd,Everton,27,Wayne Rooney,,Everton
2017-12-13,Manchester Utd,Bournemouth,25,Romelu Lukaku,Assist:Juan Mata,Manchester Utd
2017-12-13,Tottenham,Brighton,40,Serge Aurier,Assist:Harry Winks,Tottenham
2017-12-13,Tottenham,Brighton,87,Son Heung-min,Assist:Christian Eriksen,Tottenham
2017-12-16,Leicester City,Crystal Palace,19,Christian Benteke,Assist:Andros Townsend,Crystal Palace
2017-12-16,Leicester City,Crystal Palace,40,Wilfried Zaha,Assist:Christian Benteke,Crystal Palace
2017-12-16,Leicester City,Crystal Palace,90+4,Bakary Sako,Assist:Ruben Loftus-Cheek,Crystal Palace
2017-12-16,Watford,Huddersfield,68,Abdoulaye Doucouré,,Watford
2017-12-16,Watford,Huddersfield,6,Elias Kachunga,Assist:Laurent Depoitre,Huddersfield
2017-12-16,Watford,Huddersfield,23,Aaron Mooy,Assist:Collin Quaner,Huddersfield
2017-12-16,Watford,Huddersfield,50,Laurent Depoitre,,Huddersfield
2017-12-16,Watford,Huddersfield,89,Aaron Mooy,Penalty Kick,Huddersfield
2017-12-16,Arsenal,Newcastle Utd,23,Mesut Özil,,Arsenal
2017-12-16,Chelsea,Southampton,45+3,Marcos Alonso,,Chelsea
2017-12-16,Stoke City,West Ham,19,Mark Noble,Penalty Kick,West Ham
2017-12-16,Stoke City,West Ham,75,Marko Arnautović,Assist:Manuel Lanzini,West Ham
2017-12-16,Stoke City,West Ham,86,Diafra Sakho,Assist:Manuel Lanzini,West Ham
2017-12-16,Manchester City,Tottenham,14,İlkay Gündoğan,Assist:Leroy Sané,Manchester City
2017-12-16,Manchester City,Tottenham,70,Kevin De Bruyne,Assist:İlkay Gündoğan,Manchester City
2017-12-16,Manchester City,Tottenham,80,Raheem Sterling,Assist:Leroy Sané,Manchester City
2017-12-16,Manchester City,Tottenham,90,Raheem Sterling,,Manchester City
2017-12-16,Manchester City,Tottenham,90+3,Christian Eriksen,,Tottenham
2017-12-17,West Brom,Manchester Utd,77,Gareth Barry,Assist:Jonny Evans,West Brom
2017-12-17,West Brom,Manchester Utd,27,Romelu Lukaku,Assist:Marcus Rashford,Manchester Utd
2017-12-17,West Brom,Manchester Utd,35,Jesse Lingard,Assist:Juan Mata,Manchester Utd
2017-12-17,Bournemouth,Liverpool,20,Philippe Coutinho,Assist:Andrew Robertson,Liverpool
2017-12-17,Bournemouth,Liverpool,26,Dejan Lovren,Assist:Roberto Firmino,Liverpool
2017-12-17,Bournemouth,Liverpool,44,Mohamed Salah,Assist:Alex Oxlade-Chamberlain,Liverpool
2017-12-17,Bournemouth,Liverpool,66,Roberto Firmino,Assist:Philippe Coutinho,Liverpool
2017-12-18,Everton,Swansea City,45+2,Dominic Calvert-Lewin,,Everton
2017-12-18,Everton,Swansea City,64,Gylfi Sigurðsson,Assist:Wayne Rooney,Everton
2017-12-18,Everton,Swansea City,73,Wayne Rooney,Penalty Kick,Everton
2017-12-18,Everton,Swansea City,35,Leroy Fer,Assist:Tom Carroll,Swansea City
2017-12-22,Arsenal,Liverpool,53,Alexis Sánchez,Assist:Héctor Bellerín,Arsenal
2017-12-22,Arsenal,Liverpool,56,Granit Xhaka,Assist:Alex Iwobi,Arsenal
2017-12-22,Arsenal,Liverpool,58,Mesut Özil,Assist:Alexandre Lacazette,Arsenal
2017-12-22,Arsenal,Liverpool,26,Philippe Coutinho,,Liverpool
2017-12-22,Arsenal,Liverpool,52,Mohamed Salah,Assist:Roberto Firmino,Liverpool
2017-12-22,Arsenal,Liverpool,71,Roberto Firmino,Assist:Emre Can,Liverpool
2017-12-23,Southampton,Huddersfield,24,Charlie Austin,Assist:Wesley Hoedt,Southampton
2017-12-23,Southampton,Huddersfield,64,Laurent Depoitre,Assist:Tommy Smith,Huddersfield
2017-12-23,Swansea City,Crystal Palace,77,Jordan Ayew,Assist:Tom Carroll,Swansea City
2017-12-23,Swansea City,Crystal Palace,59,Luka Milivojević,Penalty Kick,Crystal Palace
2017-12-23,West Ham,Newcastle Utd,6,Marko Arnautović,,West Ham
2017-12-23,West Ham,Newcastle Utd,69,André Ayew,,West Ham
2017-12-23,West Ham,Newcastle Utd,10,Henri Saivet,,Newcastle Utd
2017-12-23,West Ham,Newcastle Utd,53,Mohamed Diamé,Assist:Christian Atsu,Newcastle Utd
2017-12-23,West Ham,Newcastle Utd,61,Christian Atsu,Assist:Joselu,Newcastle Utd
2017-12-23,Stoke City,West Brom,19,Joe Allen,Assist:Peter Crouch,Stoke City
2017-12-23,Stoke City,West Brom,45+2,Eric Maxim Choupo-Moting,Assist:Joe Allen,Stoke City
2017-12-23,Stoke City,West Brom,90+5,Ramadan Sobhi,Assist:Eric Maxim Choupo-Moting,Stoke City
2017-12-23,Stoke City,West Brom,51,Salomón Rondón,Assist:Chris Brunt,West Brom
2017-12-23,Manchester City,Bournemouth,27,Sergio Agüero,Assist:Fernandinho,Manchester City
2017-12-23,Manchester City,Bournemouth,53,Raheem Sterling,Assist:Sergio Agüero,Manchester City
2017-12-23,Manchester City,Bournemouth,79,Sergio Agüero,Assist:Bernardo Silva,Manchester City
2017-12-23,Manchester City,Bournemouth,85,Danilo,Assist:Raheem Sterling,Manchester City
2017-12-23,Brighton,Watford,64,Pascal Groß,Assist:Tomer Hemed,Brighton
2017-12-23,Burnley,Tottenham,7,Harry Kane,Penalty Kick,Tottenham
2017-12-23,Burnley,Tottenham,69,Harry Kane,Assist:Moussa Sissoko,Tottenham
2017-12-23,Burnley,Tottenham,79,Harry Kane,Assist:Dele Alli,Tottenham
2017-12-23,Leicester City,Manchester Utd,27,Jamie Vardy,Assist:Riyad Mahrez,Leicester City
2017-12-23,Leicester City,Manchester Utd,90+4,Harry Maguire,Assist:Marc Albrighton,Leicester City
2017-12-23,Leicester City,Manchester Utd,40,Juan Mata,Assist:Jesse Lingard,Manchester Utd
2017-12-23,Leicester City,Manchester Utd,60,Juan Mata,,Manchester Utd
2017-12-26,Tottenham,Southampton,22,Harry Kane,Assist:Christian Eriksen,Tottenham
2017-12-26,Tottenham,Southampton,39,Harry Kane,Assist:Son Heung-min,Tottenham
2017-12-26,Tottenham,Southampton,49,Dele Alli,Assist:Son Heung-min,Tottenham
2017-12-26,Tottenham,Southampton,51,Son Heung-min,Assist:Dele Alli,Tottenham
2017-12-26,Tottenham,Southampton,67,Harry Kane,Assist:Dele Alli,Tottenham
2017-12-26,Tottenham,Southampton,64,Sofiane Boufal,,Southampton
2017-12-26,Tottenham,Southampton,82,Dušan Tadić,,Southampton
2017-12-26,Huddersfield,Stoke City,10,Tom Ince,Assist:Collin Quaner,Huddersfield
2017-12-26,Huddersfield,Stoke City,60,Ramadan Sobhi,Assist:Joe Allen,Stoke City
2017-12-26,Bournemouth,West Ham,29,Dan Gosling,Assist:Joshua King,Bournemouth
2017-12-26,Bournemouth,West Ham,57,Nathan Aké,Assist:Dan Gosling,Bournemouth
2017-12-26,Bournemouth,West Ham,90+3,Callum Wilson,Assist:Nathan Aké,Bournemouth
2017-12-26,Bournemouth,West Ham,7,James Collins,Assist:Aaron Cresswell,West Ham
2017-12-26,Bournemouth,West Ham,81,Marko Arnautović,,West Ham
2017-12-26,Bournemouth,West Ham,89,Marko Arnautović,,West Ham
2017-12-26,Manchester Utd,Burnley,53,Jesse Lingard,Assist:Ashley Young,Manchester Utd
2017-12-26,Manchester Utd,Burnley,90+1,Jesse Lingard,,Manchester Utd
2017-12-26,Manchester Utd,Burnley,3,Ashley Barnes,Assist:Kevin Long,Burnley
2017-12-26,Manchester Utd,Burnley,36,Steven Defour,,Burnley
2017-12-26,Chelsea,Brighton,46,Álvaro Morata,Assist:César Azpilicueta,Chelsea
2017-12-26,Chelsea,Brighton,60,Marcos Alonso,Assist:Cesc Fàbregas,Chelsea
2017-12-26,Watford,Leicester City,45,Molla Wagué,,Watford
2017-12-26,Watford,Leicester City,65,Kasper Schmeichel,Own Goal,Watford
2017-12-26,Watford,Leicester City,37,Riyad Mahrez,Assist:Marc Albrighton,Leicester City
2017-12-26,Liverpool,Swansea City,6,Philippe Coutinho,Assist:Mohamed Salah,Liverpool
2017-12-26,Liverpool,Swansea City,52,Roberto Firmino,Assist:Philippe Coutinho,Liverpool
2017-12-26,Liverpool,Swansea City,65,Trent Alexander-Arnold,,Liverpool
2017-12-26,Liverpool,Swansea City,66,Roberto Firmino,Assist:Mohamed Salah,Liverpool
2017-12-26,Liverpool,Swansea City,82,Alex Oxlade-Chamberlain,,Liverpool
2017-12-27,Newcastle Utd,Manchester City,31,Raheem Sterling,Assist:Kevin De Bruyne,Manchester City
2017-12-28,Crystal Palace,Arsenal,49,Andros Townsend,Assist:Wilfried Zaha,Crystal Palace
2017-12-28,Crystal Palace,Arsenal,89,James Tomkins,Assist:Andros Townsend,Crystal Palace
2017-12-28,Crystal Palace,Arsenal,25,Shkodran Mustafi,,Arsenal
2017-12-28,Crystal Palace,Arsenal,62,Alexis Sánchez,Assist:Alexandre Lacazette,Arsenal
2017-12-28,Crystal Palace,Arsenal,66,Alexis Sánchez,Assist:Jack Wilshere,Arsenal
2017-12-30,Bournemouth,Everton,33,Ryan Fraser,Assist:Joshua King,Bournemouth
2017-12-30,Bournemouth,Everton,88,Ryan Fraser,Assist:Adam Smith,Bournemouth
2017-12-30,Bournemouth,Everton,57,Idrissa Gana Gueye,Assist:Oumar Niasse,Everton
2017-12-30,Chelsea,Stoke City,3,Antonio Rüdiger,Assist:Willian,Chelsea
2017-12-30,Chelsea,Stoke City,9,Danny Drinkwater,,Chelsea
2017-12-30,Chelsea,Stoke City,23,Pedro,Assist:Willian,Chelsea
2017-12-30,Chelsea,Stoke City,73,Willian,Penalty Kick,Chelsea
2017-12-30,Chelsea,Stoke City,88,Davide Zappacosta,,Chelsea
2017-12-30,Watford,Swansea City,11,André Carrillo,,Watford
2017-12-30,Watford,Swansea City,86,Jordan Ayew,Assist:Oliver McBurnie,Swansea City
2017-12-30,Watford,Swansea City,90,Luciano Narsingh,,Swansea City
2017-12-30,Liverpool,Leicester City,52,Mohamed Salah,Assist:Sadio Mané,Liverpool
2017-12-30,Liverpool,Leicester City,76,Mohamed Salah,Assist:James Milner,Liverpool
2017-12-30,Liverpool,Leicester City,3,Jamie Vardy,Assist:Riyad Mahrez,Leicester City
2017-12-31,West Brom,Arsenal,89,Jay Rodriguez,Penalty Kick,West Brom
2017-12-31,West Brom,Arsenal,83,James McClean,Own Goal,Arsenal
2018-01-01,Brighton,Bournemouth,5,Anthony Knockaert,Assist:José Izquierdo,Brighton
2018-01-01,Brighton,Bournemouth,48,Glenn Murray,Assist:José Izquierdo,Brighton
2018-01-01,Brighton,Bournemouth,33,Steve Cook,Assist:Jordon Ibe,Bournemouth
2018-01-01,Brighton,Bournemouth,79,Callum Wilson,Assist:Adam Smith,Bournemouth
2018-01-01,Stoke City,Newcastle Utd,73,Ayoze Pérez,Assist:Jacob Murphy,Newcastle Utd
2018-01-01,Burnley,Liverpool,87,Jóhann Berg Guðmundsson,Assist:Sam Vokes,Burnley
2018-01-01,Burnley,Liverpool,61,Sadio Mané,,Liverpool
2018-01-01,Burnley,Liverpool,90+4,Ragnar Klavan,Assist:Dejan Lovren,Liverpool
2018-01-01,Leicester City,Huddersfield,53,Riyad Mahrez,Assist:Marc Albrighton,Leicester City
2018-01-01,Leicester City,Huddersfield,60,Islam Slimani,Assist:Riyad Mahrez,Leicester City
2018-01-01,Leicester City,Huddersfield,90+2,Marc Albrighton,,Leicester City
2018-01-01,Everton,Manchester Utd,57,Anthony Martial,Assist:Paul Pogba,Manchester Utd
2018-01-01,Everton,Manchester Utd,81,Jesse Lingard,Assist:Paul Pogba,Manchester Utd
2018-01-02,West Ham,West Brom,59,Andy Carroll,Assist:Aaron Cresswell,West Ham
2018-01-02,West Ham,West Brom,90+4,Andy Carroll,Assist:Marko Arnautović,West Ham
2018-01-02,West Ham,West Brom,30,James McClean,Assist:Salomón Rondón,West Brom
2018-01-02,Southampton,Crystal Palace,17,Shane Long,Assist:Jérémy Pied,Southampton
2018-01-02,Southampton,Crystal Palace,69,James McArthur,Assist:Christian Benteke,Crystal Palace
2018-01-02,Southampton,Crystal Palace,80,Luka Milivojević,Assist:Andros Townsend,Crystal Palace
2018-01-02,Swansea City,Tottenham,12,Fernando Llorente,Assist:Christian Eriksen,Tottenham
2018-01-02,Swansea City,Tottenham,89,Dele Alli,,Tottenham
2018-01-02,Manchester City,Watford,1,Raheem Sterling,Assist:Leroy Sané,Manchester City
2018-01-02,Manchester City,Watford,13,Christian Kabasele,Own Goal,Manchester City
2018-01-02,Manchester City,Watford,63,Sergio Agüero,,Manchester City
2018-01-02,Manchester City,Watford,82,Andre Gray,Assist:André Carrillo,Watford
2018-01-03,Arsenal,Chelsea,63,Jack Wilshere,,Arsenal
2018-01-03,Arsenal,Chelsea,90+2,Héctor Bellerín,,Arsenal
2018-01-03,Arsenal,Chelsea,67,Eden Hazard,Penalty Kick,Chelsea
2018-01-03,Arsenal,Chelsea,84,Marcos Alonso,Assist:Davide Zappacosta,Chelsea
2018-01-04,Tottenham,West Ham,84,Son Heung-min,Assist:Érik Lamela,Tottenham
2018-01-04,Tottenham,West Ham,70,Pedro Obiang,Assist:Manuel Lanzini,West Ham
2018-01-13,Huddersfield,West Ham,40,Joe Lolley,Assist:Aaron Mooy,Huddersfield
2018-01-13,Huddersfield,West Ham,25,Mark Noble,,West Ham
2018-01-13,Huddersfield,West Ham,46,Marko Arnautović,Assist:Cheikhou Kouyaté,West Ham
2018-01-13,Huddersfield,West Ham,56,Manuel Lanzini,Assist:Marko Arnautović,West Ham
2018-01-13,Huddersfield,West Ham,61,Manuel Lanzini,Assist:Marko Arnautović,West Ham
2018-01-13,Watford,Southampton,58,Andre Gray,,Watford
2018-01-13,Watford,Southampton,90,Abdoulaye Doucouré,Assist:Troy Deeney,Watford
2018-01-13,Watford,Southampton,20,James Ward-Prowse,,Southampton
2018-01-13,Watford,Southampton,44,James Ward-Prowse,Assist:Dušan Tadić,Southampton
2018-01-13,Crystal Palace,Burnley,21,Bakary Sako,Assist:Christian Benteke,Crystal Palace
2018-01-13,West Brom,Brighton,4,Jonny Evans,Assist:Jay Rodriguez,West Brom
2018-01-13,West Brom,Brighton,55,Craig Dawson,Assist:Chris Brunt,West Brom
2018-01-13,Newcastle Utd,Swansea City,68,Joselu,,Newcastle Utd
2018-01-13,Newcastle Utd,Swansea City,60,Jordan Ayew,,Swansea City
2018-01-13,Tottenham,Everton,26,Son Heung-min,Assist:Serge Aurier,Tottenham
2018-01-13,Tottenham,Everton,47,Harry Kane,Assist:Son Heung-min,Tottenham
2018-01-13,Tottenham,Everton,59,Harry Kane,Assist:Eric Dier,Tottenham
2018-01-13,Tottenham,Everton,81,Christian Eriksen,Assist:Dele Alli,Tottenham
2018-01-14,Bournemouth,Arsenal,70,Callum Wilson,Assist:Ryan Fraser,Bournemouth
2018-01-14,Bournemouth,Arsenal,74,Jordon Ibe,Assist:Callum Wilson,Bournemouth
2018-01-14,Bournemouth,Arsenal,52,Héctor Bellerín,Assist:Alex Iwobi,Arsenal
2018-01-14,Liverpool,Manchester City,9,Alex Oxlade-Chamberlain,Assist:Roberto Firmino,Liverpool
2018-01-14,Liverpool,Manchester City,59,Roberto Firmino,Assist:Alex Oxlade-Chamberlain,Liverpool
2018-01-14,Liverpool,Manchester City,61,Sadio Mané,Assist:Mohamed Salah,Liverpool
2018-01-14,Liverpool,Manchester City,68,Mohamed Salah,,Liverpool
2018-01-14,Liverpool,Manchester City,40,Leroy Sané,Assist:Kyle Walker,Manchester City
2018-01-14,Liverpool,Manchester City,84,Bernardo Silva,,Manchester City
2018-01-14,Liverpool,Manchester City,90+1,İlkay Gündoğan,Assist:Sergio Agüero,Manchester City
2018-01-15,Manchester Utd,Stoke City,9,Antonio Valencia,Assist:Paul Pogba,Manchester Utd
2018-01-15,Manchester Utd,Stoke City,38,Anthony Martial,Assist:Paul Pogba,Manchester Utd
2018-01-15,Manchester Utd,Stoke City,72,Romelu Lukaku,Assist:Anthony Martial,Manchester Utd
2018-01-20,Brighton,Chelsea,3,Eden Hazard,,Chelsea
2018-01-20,Brighton,Chelsea,6,Willian,Assist:Michy Batshuayi,Chelsea
2018-01-20,Brighton,Chelsea,77,Eden Hazard,Assist:Willian,Chelsea
2018-01-20,Brighton,Chelsea,89,Victor Moses,Assist:Charly Musonda Jr.,Chelsea
2018-01-20,Leicester City,Watford,39,Jamie Vardy,Penalty Kick,Leicester City
2018-01-20,Leicester City,Watford,90+1,Riyad Mahrez,Assist:Adrien Silva,Leicester City
2018-01-20,Burnley,Manchester Utd,54,Anthony Martial,Assist:Romelu Lukaku,Manchester Utd
2018-01-20,Arsenal,Crystal Palace,6,Nacho Monreal,Assist:Granit Xhaka,Arsenal
2018-01-20,Arsenal,Crystal Palace,10,Alex Iwobi,Assist:Nacho Monreal,Arsenal
2018-01-20,Arsenal,Crystal Palace,13,Laurent Koscielny,Assist:Nacho Monreal,Arsenal
2018-01-20,Arsenal,Crystal Palace,22,Alexandre Lacazette,Assist:Mesut Özil,Arsenal
2018-01-20,Arsenal,Crystal Palace,78,Luka Milivojević,Assist:Christian Benteke,Crystal Palace
2018-01-20,Everton,West Brom,70,Oumar Niasse,Assist:Theo Walcott,Everton
2018-01-20,Everton,West Brom,7,Jay Rodriguez,Assist:Grzegorz Krychowiak,West Brom
2018-01-20,West Ham,Bournemouth,73,Javier Hernández,,West Ham
2018-01-20,West Ham,Bournemouth,71,Ryan Fraser,Assist:Junior Stanislas,Bournemouth
2018-01-20,Stoke City,Huddersfield,53,Joe Allen,Assist:Eric Maxim Choupo-Moting,Stoke City
2018-01-20,Stoke City,Huddersfield,69,Mame Biram Diouf,Assist:Xherdan Shaqiri,Stoke City
2018-01-20,Manchester City,Newcastle Utd,34,Sergio Agüero,Assist:Kevin De Bruyne,Manchester City
2018-01-20,Manchester City,Newcastle Utd,63,Sergio Agüero,Penalty Kick,Manchester City
2018-01-20,Manchester City,Newcastle Utd,83,Sergio Agüero,Assist:Leroy Sané,Manchester City
2018-01-20,Manchester City,Newcastle Utd,67,Jacob Murphy,Assist:Ciaran Clark,Newcastle Utd
2018-01-21,Southampton,Tottenham,15,Davinson Sánchez,Own Goal,Southampton
2018-01-21,Southampton,Tottenham,18,Harry Kane,Assist:Ben Davies,Tottenham
2018-01-22,Swansea City,Liverpool,40,Alfie Mawson,Assist:Federico Fernández,Swansea City
2018-01-30,Swansea City,Arsenal,34,Sam Clucas,Assist:Alfie Mawson,Swansea City
2018-01-30,Swansea City,Arsenal,61,Jordan Ayew,,Swansea City
2018-01-30,Swansea City,Arsenal,86,Sam Clucas,,Swansea City
2018-01-30,Swansea City,Arsenal,33,Nacho Monreal,Assist:Mesut Özil,Arsenal
2018-01-30,West Ham,Crystal Palace,43,Mark Noble,Penalty Kick,West Ham
2018-01-30,West Ham,Crystal Palace,24,Christian Benteke,Assist:Andros Townsend,Crystal Palace
2018-01-30,Huddersfield,Liverpool,26,Emre Can,,Liverpool
2018-01-30,Huddersfield,Liverpool,45+1,Roberto Firmino,Assist:Sadio Mané,Liverpool
2018-01-30,Huddersfield,Liverpool,78,Mohamed Salah,Penalty Kick,Liverpool
2018-01-31,Everton,Leicester City,25,Theo Walcott,Assist:Gylfi Sigurðsson,Everton
2018-01-31,Everton,Leicester City,39,Theo Walcott,Assist:Michael Keane,Everton
2018-01-31,Everton,Leicester City,71,Jamie Vardy,Penalty Kick,Leicester City
2018-01-31,Chelsea,Bournemouth,51,Callum Wilson,Assist:Jordon Ibe,Bournemouth
2018-01-31,Chelsea,Bournemouth,64,Junior Stanislas,Assist:Callum Wilson,Bournemouth
2018-01-31,Chelsea,Bournemouth,67,Nathan Aké,,Bournemouth
2018-01-31,Newcastle Utd,Burnley,65,Jamaal Lascelles,Assist:Kenedy,Newcastle Utd
2018-01-31,Newcastle Utd,Burnley,85,Karl Darlow,Own Goal,Burnley
2018-01-31,Southampton,Brighton,64,Jack Stephens,,Southampton
2018-01-31,Southampton,Brighton,14,Glenn Murray,Penalty Kick,Brighton
2018-01-31,Tottenham,Manchester Utd,1,Christian Eriksen,,Tottenham
2018-01-31,Tottenham,Manchester Utd,28,Phil Jones,Own Goal,Tottenham
2018-01-31,Manchester City,West Brom,19,Fernandinho,Assist:Kevin De Bruyne,Manchester City
2018-01-31,Manchester City,West Brom,68,Kevin De Bruyne,Assist:Raheem Sterling,Manchester City
2018-01-31,Manchester City,West Brom,89,Sergio Agüero,Assist:Raheem Sterling,Manchester City
2018-02-03,Burnley,Manchester City,82,Jóhann Berg Guðmundsson,Assist:Matthew Lowton,Burnley
2018-02-03,Burnley,Manchester City,22,Danilo,Assist:Bernardo Silva,Manchester City
2018-02-03,Manchester Utd,Huddersfield,55,Romelu Lukaku,Assist:Juan Mata,Manchester Utd
2018-02-03,Manchester Utd,Huddersfield,68,Alexis Sánchez,,Manchester Utd
2018-02-03,Leicester City,Swansea City,17,Jamie Vardy,Assist:Kelechi Iheanacho,Leicester City
2018-02-03,Leicester City,Swansea City,53,Federico Fernández,Assist:Ki Sung-yueng,Swansea City
2018-02-03,West Brom,Southampton,4,Ahmed Hegazi,Assist:Chris Brunt,West Brom
2018-02-03,West Brom,Southampton,72,Salomón Rondón,Assist:Chris Brunt,West Brom
2018-02-03,West Brom,Southampton,40,Mario Lemina,Assist:Sofiane Boufal,Southampton
2018-02-03,West Brom,Southampton,43,Jack Stephens,Assist:James Ward-Prowse,Southampton
2018-02-03,West Brom,Southampton,55,James Ward-Prowse,,Southampton
2018-02-03,Brighton,West Ham,8,Glenn Murray,Assist:Pascal Groß,Brighton
2018-02-03,Brighton,West Ham,59,José Izquierdo,,Brighton
2018-02-03,Brighton,West Ham,75,Pascal Groß,Assist:Davy Pröpper,Brighton
2018-02-03,Brighton,West Ham,30,Javier Hernández,Assist:João Mário,West Ham
2018-02-03,Bournemouth,Stoke City,70,Joshua King,,Bournemouth
2018-02-03,Bournemouth,Stoke City,79,Lys Mousset,Assist:Jordon Ibe,Bournemouth
2018-02-03,Bournemouth,Stoke City,5,Xherdan Shaqiri,Assist:Badou Ndiaye,Stoke City
2018-02-03,Arsenal,Everton,6,Aaron Ramsey,Assist:Henrikh Mkhitaryan,Arsenal
2018-02-03,Arsenal,Everton,14,Laurent Koscielny,Assist:Shkodran Mustafi,Arsenal
2018-02-03,Arsenal,Everton,19,Aaron Ramsey,Assist:Alex Iwobi,Arsenal
2018-02-03,Arsenal,Everton,37,Pierre-Emerick Aubameyang,Assist:Henrikh Mkhitaryan,Arsenal
2018-02-03,Arsenal,Everton,74,Aaron Ramsey,Assist:Henrikh Mkhitaryan,Arsenal
2018-02-03,Arsenal,Everton,64,Dominic Calvert-Lewin,Assist:Cuco Martina,Everton
2018-02-04,Crystal Palace,Newcastle Utd,55,Luka Milivojević,Penalty Kick,Crystal Palace
2018-02-04,Crystal Palace,Newcastle Utd,22,Mohamed Diamé,Assist:Ayoze Pérez,Newcastle Utd
2018-02-04,Liverpool,Tottenham,3,Mohamed Salah,,Liverpool
2018-02-04,Liverpool,Tottenham,90+1,Mohamed Salah,,Liverpool
2018-02-04,Liverpool,Tottenham,80,Victor Wanyama,,Tottenham
2018-02-04,Liverpool,Tottenham,90+5,Harry Kane,Penalty Kick,Tottenham
2018-02-05,Watford,Chelsea,42,Troy Deeney,Penalty Kick,Watford
2018-02-05,Watford,Chelsea,84,Daryl Janmaat,Assist:Roberto Pereyra,Watford
2018-02-05,Watford,Chelsea,88,Gerard Deulofeu,Assist:Abdoulaye Doucouré,Watford
2018-02-05,Watford,Chelsea,90+1,Roberto Pereyra,Assist:Abdoulaye Doucouré,Watford
2018-02-05,Watford,Chelsea,82,Eden Hazard,,Chelsea
2018-02-10,Tottenham,Arsenal,49,Harry Kane,Assist:Ben Davies,Tottenham
2018-02-10,Everton,Crystal Palace,46,Gylfi Sigurðsson,Assist:Oumar Niasse,Everton
2018-02-10,Everton,Crystal Palace,51,Oumar Niasse,Assist:Cuco Martina,Everton
2018-02-10,Everton,Crystal Palace,75,Tom Davies,,Everton
2018-02-10,Everton,Crystal Palace,83,Luka Milivojević,Penalty Kick,Crystal Palace
2018-02-10,West Ham,Watford,38,Javier Hernández,Assist:Michail Antonio,West Ham
2018-02-10,West Ham,Watford,78,Marko Arnautović,Assist:Aaron Cresswell,West Ham
2018-02-10,Stoke City,Brighton,68,Xherdan Shaqiri,Assist:Erik Pieters,Stoke City
2018-02-10,Stoke City,Brighton,32,José Izquierdo,Assist:Dale Stephens,Brighton
2018-02-10,Swansea City,Burnley,81,Ki Sung-yueng,Assist:Kyle Naughton,Swansea City
2018-02-10,Manchester City,Leicester City,3,Raheem Sterling,Assist:Kevin De Bruyne,Manchester City
2018-02-10,Manchester City,Leicester City,48,Sergio Agüero,Assist:Kevin De Bruyne,Manchester City
2018-02-10,Manchester City,Leicester City,53,Sergio Agüero,Assist:Kevin De Bruyne,Manchester City
2018-02-10,Manchester City,Leicester City,77,Sergio Agüero,,Manchester City
2018-02-10,Manchester City,Leicester City,90,Sergio Agüero,Assist:Phil Foden,Manchester City
2018-02-10,Manchester City,Leicester City,24,Jamie Vardy,,Leicester City
2018-02-11,Huddersfield,Bournemouth,7,Alex Pritchard,Assist:Steve Mounié,Huddersfield
2018-02-11,Huddersfield,Bournemouth,27,Steve Mounié,Assist:Aaron Mooy,Huddersfield
2018-02-11,Huddersfield,Bournemouth,66,Steve Cook,Own Goal,Huddersfield
2018-02-11,Huddersfield,Bournemouth,90+5,Rajiv van La Parra,Penalty Kick,Huddersfield
2018-02-11,Huddersfield,Bournemouth,13,Junior Stanislas,Assist:Ryan Fraser,Bournemouth
2018-02-11,Newcastle Utd,Manchester Utd,65,Matt Ritchie,Assist:Dwight Gayle,Newcastle Utd
2018-02-11,Southampton,Liverpool,6,Roberto Firmino,Assist:Mohamed Salah,Liverpool
2018-02-11,Southampton,Liverpool,42,Mohamed Salah,Assist:Roberto Firmino,Liverpool
2018-02-12,Chelsea,West Brom,25,Eden Hazard,Assist:Olivier Giroud,Chelsea
2018-02-12,Chelsea,West Brom,63,Victor Moses,,Chelsea
2018-02-12,Chelsea,West Brom,71,Eden Hazard,Assist:Álvaro Morata,Chelsea
2018-02-24,Leicester City,Stoke City,70,Jack Butland,Own Goal,Leicester City
2018-02-24,Leicester City,Stoke City,43,Xherdan Shaqiri,Assist:Joe Allen,Stoke City
2018-02-24,West Brom,Huddersfield,64,Craig Dawson,Assist:Chris Brunt,West Brom
2018-02-24,West Brom,Huddersfield,48,Rajiv van La Parra,Assist:Collin Quaner,Huddersfield
2018-02-24,West Brom,Huddersfield,56,Steve Mounié,Assist:Alex Pritchard,Huddersfield
2018-02-24,Liverpool,West Ham,29,Emre Can,Assist:Mohamed Salah,Liverpool
2018-02-24,Liverpool,West Ham,51,Mohamed Salah,Assist:Alex Oxlade-Chamberlain,Liverpool
2018-02-24,Liverpool,West Ham,57,Roberto Firmino,Assist:Emre Can,Liverpool
2018-02-24,Liverpool,West Ham,77,Sadio Mané,Assist:Andrew Robertson,Liverpool
2018-02-24,Liverpool,West Ham,59,Michail Antonio,Assist:Cheikhou Kouyaté,West Ham
2018-02-24,Brighton,Swansea City,18,Glenn Murray,Penalty Kick,Brighton
2018-02-24,Brighton,Swansea City,69,Glenn Murray,Assist:José Izquierdo,Brighton
2018-02-24,Brighton,Swansea City,73,Anthony Knockaert,Assist:Pascal Groß,Brighton
2018-02-24,Brighton,Swansea City,90,Jürgen Locadia,Assist:Dale Stephens,Brighton
2018-02-24,Brighton,Swansea City,85,Lewis Dunk,Own Goal,Swansea City
2018-02-24,Burnley,Southampton,67,Ashley Barnes,Assist:Jeff Hendrick,Burnley
2018-02-24,Burnley,Southampton,90,Manolo Gabbiadini,Assist:Guido Carrillo,Southampton
2018-02-24,Bournemouth,Newcastle Utd,80,Adam Smith,Assist:Lewis Cook,Bournemouth
2018-02-24,Bournemouth,Newcastle Utd,89,Dan Gosling,Assist:Nathan Aké,Bournemouth
2018-02-24,Bournemouth,Newcastle Utd,17,Dwight Gayle,,Newcastle Utd
2018-02-24,Bournemouth,Newcastle Utd,45+1,Dwight Gayle,Assist:Ayoze Pérez,Newcastle Utd
2018-02-24,Watford,Everton,79,Troy Deeney,Assist:Stefano Okaka,Watford
2018-02-25,Crystal Palace,Tottenham,88,Harry Kane,Assist:Christian Eriksen,Tottenham
2018-02-25,Manchester Utd,Chelsea,39,Romelu Lukaku,Assist:Anthony Martial,Manchester Utd
2018-02-25,Manchester Utd,Chelsea,75,Jesse Lingard,Assist:Romelu Lukaku,Manchester Utd
2018-02-25,Manchester Utd,Chelsea,32,Willian,Assist:Eden Hazard,Chelsea
2018-03-01,Arsenal,Manchester City,15,Bernardo Silva,Assist:Leroy Sané,Manchester City
2018-03-01,Arsenal,Manchester City,28,David Silva,Assist:Sergio Agüero,Manchester City
2018-03-01,Arsenal,Manchester City,33,Leroy Sané,Assist:Kyle Walker,Manchester City
2018-03-03,Burnley,Everton,56,Ashley Barnes,Assist:Matthew Lowton,Burnley
2018-03-03,Burnley,Everton,80,Chris Wood,Assist:Jóhann Berg Guðmundsson,Burnley
2018-03-03,Burnley,Everton,20,Cenk Tosun,Assist:Séamus Coleman,Everton
2018-03-03,Tottenham,Huddersfield,27,Son Heung-min,Assist:Dele Alli,Tottenham
2018-03-03,Tottenham,Huddersfield,54,Son Heung-min,Assist:Harry Kane,Tottenham
2018-03-03,Watford,West Brom,77,Troy Deeney,Assist:Will Hughes,Watford
2018-03-03,Swansea City,West Ham,8,Ki Sung-yueng,Assist:André Ayew,Swansea City
2018-03-03,Swansea City,West Ham,32,Mike van der Hoorn,Assist:Ki Sung-yueng,Swansea City
2018-03-03,Swansea City,West Ham,48,Andy King,,Swansea City
2018-03-03,Swansea City,West Ham,63,Jordan Ayew,Penalty Kick,Swansea City
2018-03-03,Swansea City,West Ham,78,Michail Antonio,Assist:Aaron Cresswell,West Ham
2018-03-03,Leicester City,Bournemouth,90+7,Riyad Mahrez,,Leicester City
2018-03-03,Leicester City,Bournemouth,35,Joshua King,Penalty Kick,Bournemouth
2018-03-03,Liverpool,Newcastle Utd,40,Mohamed Salah,Assist:Alex Oxlade-Chamberlain,Liverpool
2018-03-03,Liverpool,Newcastle Utd,55,Sadio Mané,Assist:Roberto Firmino,Liverpool
2018-03-04,Brighton,Arsenal,7,Lewis Dunk,Assist:Shane Duffy,Brighton
2018-03-04,Brighton,Arsenal,26,Glenn Murray,Assist:Pascal Groß,Brighton
2018-03-04,Brighton,Arsenal,43,Pierre-Emerick Aubameyang,Assist:Granit Xhaka,Arsenal
2018-03-04,Manchester City,Chelsea,46,Bernardo Silva,Assist:David Silva,Manchester City
2018-03-05,Crystal Palace,Manchester Utd,11,Andros Townsend,Assist:Christian Benteke,Crystal Palace
2018-03-05,Crystal Palace,Manchester Utd,48,Patrick van Aanholt,Assist:Jeffrey Schlupp,Crystal Palace
2018-03-05,Crystal Palace,Manchester Utd,55,Chris Smalling,Assist:Antonio Valencia,Manchester Utd
2018-03-05,Crystal Palace,Manchester Utd,76,Romelu Lukaku,,Manchester Utd
2018-03-05,Crystal Palace,Manchester Utd,90+1,Nemanja Matić,,Manchester Utd
2018-03-10,Manchester Utd,Liverpool,14,Marcus Rashford,Assist:Romelu Lukaku,Manchester Utd
2018-03-10,Manchester Utd,Liverpool,24,Marcus Rashford,,Manchester Utd
2018-03-10,Manchester Utd,Liverpool,66,Eric Bailly,Own Goal,Liverpool
2018-03-10,Newcastle Utd,Southampton,2,Kenedy,Assist:Jonjo Shelvey,Newcastle Utd
2018-03-10,Newcastle Utd,Southampton,29,Kenedy,Assist:Dwight Gayle,Newcastle Utd
2018-03-10,Newcastle Utd,Southampton,57,Matt Ritchie,Assist:Jonjo Shelvey,Newcastle Utd
2018-03-10,Everton,Brighton,60,Gaëtan Bong,Own Goal,Everton
2018-03-10,Everton,Brighton,76,Cenk Tosun,Assist:Leighton Baines,Everton
2018-03-10,West Ham,Burnley,66,Ashley Barnes,Assist:Chris Wood,Burnley
2018-03-10,West Ham,Burnley,70,Chris Wood,Assist:Aaron Lennon,Burnley
2018-03-10,West Ham,Burnley,81,Chris Wood,,Burnley
2018-03-10,West Brom,Leicester City,8,Salomón Rondón,Assist:Oliver Burke,West Brom
2018-03-10,West Brom,Leicester City,21,Jamie Vardy,Assist:Riyad Mahrez,Leicester City
2018-03-10,West Brom,Leicester City,62,Riyad Mahrez,Assist:Kelechi Iheanacho,Leicester City
2018-03-10,West Brom,Leicester City,76,Kelechi Iheanacho,Assist:Ben Chilwell,Leicester City
2018-03-10,West Brom,Leicester City,90+3,Vicente Iborra,Assist:Marc Albrighton,Leicester City
2018-03-10,Chelsea,Crystal Palace,25,Willian,Assist:N'Golo Kanté,Chelsea
2018-03-10,Chelsea,Crystal Palace,32,Martin Kelly,Own Goal,Chelsea
2018-03-10,Chelsea,Crystal Palace,90,Patrick van Aanholt,Assist:Wilfried Zaha,Crystal Palace
2018-03-11,Arsenal,Watford,8,Shkodran Mustafi,Assist:Mesut Özil,Arsenal
2018-03-11,Arsenal,Watford,59,Pierre-Emerick Aubameyang,Assist:Henrikh Mkhitaryan,Arsenal
2018-03-11,Arsenal,Watford,77,Henrikh Mkhitaryan,Assist:Pierre-Emerick Aubameyang,Arsenal
2018-03-11,Bournemouth,Tottenham,7,Junior Stanislas,Assist:Adam Smith,Bournemouth
2018-03-11,Bournemouth,Tottenham,35,Dele Alli,Assist:Serge Aurier,Tottenham
2018-03-11,Bournemouth,Tottenham,62,Son Heung-min,Assist:Dele Alli,Tottenham
2018-03-11,Bournemouth,Tottenham,87,Son Heung-min,Assist:Christian Eriksen,Tottenham
2018-03-11,Bournemouth,Tottenham,90+1,Serge Aurier,,Tottenham
2018-03-12,Stoke City,Manchester City,10,David Silva,Assist:Raheem Sterling,Manchester City
2018-03-12,Stoke City,Manchester City,50,David Silva,Assist:Gabriel Jesus,Manchester City
2018-03-17,Stoke City,Everton,77,Eric Maxim Choupo-Moting,Assist:Joe Allen,Stoke City
2018-03-17,Stoke City,Everton,69,Cenk Tosun,Assist:Dominic Calvert-Lewin,Everton
2018-03-17,Stoke City,Everton,84,Cenk Tosun,Assist:Theo Walcott,Everton
2018-03-17,Huddersfield,Crystal Palace,23,James Tomkins,,Crystal Palace
2018-03-17,Huddersfield,Crystal Palace,68,Luka Milivojević,Penalty Kick,Crystal Palace
2018-03-17,Bournemouth,West Brom,77,Jordon Ibe,Assist:Charlie Daniels,Bournemouth
2018-03-17,Bournemouth,West Brom,89,Junior Stanislas,,Bournemouth
2018-03-17,Bournemouth,West Brom,49,Jay Rodriguez,Assist:Salomón Rondón,West Brom
2018-03-17,Liverpool,Watford,4,Mohamed Salah,Assist:Sadio Mané,Liverpool
2018-03-17,Liverpool,Watford,43,Mohamed Salah,Assist:Andrew Robertson,Liverpool
2018-03-17,Liverpool,Watford,49,Roberto Firmino,Assist:Mohamed Salah,Liverpool
2018-03-17,Liverpool,Watford,77,Mohamed Salah,Assist:Sadio Mané,Liverpool
2018-03-17,Liverpool,Watford,85,Mohamed Salah,,Liverpool
2018-03-31,Crystal Palace,Liverpool,13,Luka Milivojević,Penalty Kick,Crystal Palace
2018-03-31,Crystal Palace,Liverpool,49,Sadio Mané,Assist:James Milner,Liverpool
2018-03-31,Crystal Palace,Liverpool,84,Mohamed Salah,Assist:Andrew Robertson,Liverpool
2018-03-31,Newcastle Utd,Huddersfield,80,Ayoze Pérez,Assist:Kenedy,Newcastle Utd
2018-03-31,West Brom,Burnley,83,Salomón Rondón,Assist:Jonny Evans,West Brom
2018-03-31,West Brom,Burnley,22,Ashley Barnes,Assist:Aaron Lennon,Burnley
2018-03-31,West Brom,Burnley,73,Chris Wood,,Burnley
2018-03-31,West Ham,Southampton,13,João Mário,Assist:Cheikhou Kouyaté,West Ham
2018-03-31,West Ham,Southampton,17,Marko Arnautović,,West Ham
2018-03-31,West Ham,Southampton,45+4,Marko Arnautović,Assist:Arthur Masuaku,West Ham
2018-03-31,Brighton,Leicester City,83,Vicente Iborra,Assist:Ben Chilwell,Leicester City
2018-03-31,Brighton,Leicester City,90+6,Jamie Vardy,Assist:Demarai Gray,Leicester City
2018-03-31,Manchester Utd,Swansea City,5,Romelu Lukaku,Assist:Alexis Sánchez,Manchester Utd
2018-03-31,Manchester Utd,Swansea City,20,Alexis Sánchez,,Manchester Utd
2018-03-31,Watford,Bournemouth,13,Kiko Femenía,Assist:José Holebas,Watford
2018-03-31,Watford,Bournemouth,49,Roberto Pereyra,Assist:Will Hughes,Watford
2018-03-31,Watford,Bournemouth,43,Joshua King,Penalty Kick,Bournemouth
2018-03-31,Watford,Bournemouth,90+2,Jermain Defoe,Assist:Nathan Aké,Bournemouth
2018-03-31,Everton,Manchester City,63,Yannick Bolasie,Assist:Dominic Calvert-Lewin,Everton
2018-03-31,Everton,Manchester City,4,Leroy Sané,Assist:David Silva,Manchester City
2018-03-31,Everton,Manchester City,12,Gabriel Jesus,Assist:Kevin De Bruyne,Manchester City
2018-03-31,Everton,Manchester City,37,Raheem Sterling,Assist:David Silva,Manchester City
2018-04-01,Arsenal,Stoke City,75,Pierre-Emerick Aubameyang,Penalty Kick,Arsenal
2018-04-01,Arsenal,Stoke City,86,Pierre-Emerick Aubameyang,,Arsenal
2018-04-01,Arsenal,Stoke City,89,Alexandre Lacazette,Penalty Kick,Arsenal
2018-04-01,Chelsea,Tottenham,30,Álvaro Morata,Assist:Victor Moses,Chelsea
2018-04-01,Chelsea,Tottenham,45+1,Christian Eriksen,Assist:Ben Davies,Tottenham
2018-04-01,Chelsea,Tottenham,62,Dele Alli,Assist:Eric Dier,Tottenham
2018-04-01,Chelsea,Tottenham,66,Dele Alli,,Tottenham
2018-04-07,Leicester City,Newcastle Utd,83,Jamie Vardy,Assist:Shinji Okazaki,Leicester City
2018-04-07,Leicester City,Newcastle Utd,18,Jonjo Shelvey,Assist:Ayoze Pérez,Newcastle Utd
2018-04-07,Leicester City,Newcastle Utd,75,Ayoze Pérez,Assist:Florian Lejeune,Newcastle Utd
2018-04-07,Watford,Burnley,61,Roberto Pereyra,,Watford
2018-04-07,Watford,Burnley,70,Sam Vokes,,Burnley
2018-04-07,Watford,Burnley,73,Jack Cork,Assist:Kevin Long,Burnley
2018-04-07,Brighton,Huddersfield,29,Jonas Lössl,Own Goal,Brighton
2018-04-07,Brighton,Huddersfield,32,Steve Mounié,,Huddersfield
2018-04-07,Bournemouth,Crystal Palace,65,Lys Mousset,Assist:Ryan Fraser,Bournemouth
2018-04-07,Bournemouth,Crystal Palace,89,Joshua King,Assist:Steve Cook,Bournemouth
2018-04-07,Bournemouth,Crystal Palace,47,Luka Milivojević,,Crystal Palace
2018-04-07,Bournemouth,Crystal Palace,75,Wilfried Zaha,Assist:Andros Townsend,Crystal Palace
2018-04-07,Stoke City,Tottenham,57,Mame Biram Diouf,,Stoke City
2018-04-07,Stoke City,Tottenham,52,Christian Eriksen,Assist:Dele Alli,Tottenham
2018-04-07,Stoke City,Tottenham,63,Harry Kane,Assist:Christian Eriksen,Tottenham
2018-04-07,West Brom,Swansea City,54,Jay Rodriguez,Assist:Salomón Rondón,West Brom
2018-04-07,West Brom,Swansea City,75,Tammy Abraham,Assist:Sam Clucas,Swansea City
2018-04-07,Manchester City,Manchester Utd,25,Vincent Kompany,Assist:Leroy Sané,Manchester City
2018-04-07,Manchester City,Manchester Utd,30,İlkay Gündoğan,Assist:Raheem Sterling,Manchester City
2018-04-07,Manchester City,Manchester Utd,53,Paul Pogba,Assist:Ander Herrera,Manchester Utd
2018-04-07,Manchester City,Manchester Utd,55,Paul Pogba,Assist:Alexis Sánchez,Manchester Utd
2018-04-07,Manchester City,Manchester Utd,69,Chris Smalling,Assist:Alexis Sánchez,Manchester Utd
2018-04-08,Arsenal,Southampton,28,Pierre-Emerick Aubameyang,Assist:Danny Welbeck,Arsenal
2018-04-08,Arsenal,Southampton,38,Danny Welbeck,Assist:Alex Iwobi,Arsenal
2018-04-08,Arsenal,Southampton,81,Danny Welbeck,Assist:Alex Iwobi,Arsenal
2018-04-08,Arsenal,Southampton,17,Shane Long,Assist:Cédric Soares,Southampton
2018-04-08,Arsenal,Southampton,73,Charlie Austin,Assist:Cédric Soares,Southampton
2018-04-08,Chelsea,West Ham,36,César Azpilicueta,Assist:Álvaro Morata,Chelsea
2018-04-08,Chelsea,West Ham,73,Javier Hernández,Assist:Marko Arnautović,West Ham
2018-04-14,Southampton,Chelsea,21,Dušan Tadić,Assist:Ryan Bertrand,Southampton
2018-04-14,Southampton,Chelsea,60,Jan Bednarek,Assist:James Ward-Prowse,Southampton
2018-04-14,Southampton,Chelsea,70,Olivier Giroud,Assist:Marcos Alonso,Chelsea
2018-04-14,Southampton,Chelsea,75,Eden Hazard,Assist:Willian,Chelsea
2018-04-14,Southampton,Chelsea,78,Olivier Giroud,,Chelsea
2018-04-14,Swansea City,Everton,71,Jordan Ayew,Assist:Tom Carroll,Swansea City
2018-04-14,Swansea City,Everton,43,Kyle Naughton,Own Goal,Everton
2018-04-14,Burnley,Leicester City,6,Chris Wood,,Burnley
2018-04-14,Burnley,Leicester City,9,Kevin Long,Assist:Jóhann Berg Guðmundsson,Burnley
2018-04-14,Burnley,Leicester City,72,Jamie Vardy,Assist:Kelechi Iheanacho,Leicester City
2018-04-14,Huddersfield,Watford,90+1,Tom Ince,Assist:Mathias Jørgensen,Huddersfield
2018-04-14,Crystal Palace,Brighton,5,Wilfried Zaha,,Crystal Palace
2018-04-14,Crystal Palace,Brighton,14,James Tomkins,,Crystal Palace
2018-04-14,Crystal Palace,Brighton,24,Wilfried Zaha,Assist:Luka Milivojević,Crystal Palace
2018-04-14,Crystal Palace,Brighton,18,Glenn Murray,Assist:Lewis Dunk,Brighton
2018-04-14,Crystal Palace,Brighton,34,José Izquierdo,Assist:Jürgen Locadia,Brighton
2018-04-14,Liverpool,Bournemouth,7,Sadio Mané,,Liverpool
2018-04-14,Liverpool,Bournemouth,69,Mohamed Salah,Assist:Trent Alexander-Arnold,Liverpool
2018-04-14,Liverpool,Bournemouth,90,Roberto Firmino,Assist:Alex Oxlade-Chamberlain,Liverpool
2018-04-14,Tottenham,Manchester City,42,Christian Eriksen,,Tottenham
2018-04-14,Tottenham,Manchester City,22,Gabriel Jesus,Assist:Vincent Kompany,Manchester City
2018-04-14,Tottenham,Manchester City,25,İlkay Gündoğan,Penalty Kick,Manchester City
2018-04-14,Tottenham,Manchester City,72,Raheem Sterling,,Manchester City
2018-04-15,Newcastle Utd,Arsenal,29,Ayoze Pérez,Assist:DeAndre Yedlin,Newcastle Utd
2018-04-15,Newcastle Utd,Arsenal,68,Matt Ritchie,Assist:Ayoze Pérez,Newcastle Utd
2018-04-15,Newcastle Utd,Arsenal,14,Alexandre Lacazette,Assist:Pierre-Emerick Aubameyang,Arsenal
2018-04-15,Manchester Utd,West Brom,73,Jay Rodriguez,,West Brom
2018-04-16,West Ham,Stoke City,90,Andy Carroll,Assist:Aaron Cresswell,West Ham
2018-04-16,West Ham,Stoke City,79,Peter Crouch,,Stoke City
2018-04-17,Brighton,Tottenham,50,Pascal Groß,Penalty Kick,Brighton
2018-04-17,Brighton,Tottenham,48,Harry Kane,Assist:Son Heung-min,Tottenham
2018-04-18,Bournemouth,Manchester Utd,28,Chris Smalling,Assist:Jesse Lingard,Manchester Utd
2018-04-18,Bournemouth,Manchester Utd,70,Romelu Lukaku,Assist:Paul Pogba,Manchester Utd
2018-04-19,Burnley,Chelsea,64,Ashley Barnes,Assist:Jóhann Berg Guðmundsson,Burnley
2018-04-19,Burnley,Chelsea,20,Kevin Long,Own Goal,Chelsea
2018-04-19,Burnley,Chelsea,69,Victor Moses,Assist:Emerson Palmieri,Chelsea
2018-04-21,West Brom,Liverpool,79,Jake Livermore,,West Brom
2018-04-21,West Brom,Liverpool,88,Salomón Rondón,Assist:Chris Brunt,West Brom
2018-04-21,West Brom,Liverpool,4,Danny Ings,Assist:Georginio Wijnaldum,Liverpool
2018-04-21,West Brom,Liverpool,72,Mohamed Salah,Assist:Alex Oxlade-Chamberlain,Liverpool
2018-04-22,Arsenal,West Ham,51,Nacho Monreal,Assist:Granit Xhaka,Arsenal
2018-04-22,Arsenal,West Ham,82,Aaron Ramsey,,Arsenal
2018-04-22,Arsenal,West Ham,85,Alexandre Lacazette,Assist:Pierre-Emerick Aubameyang,Arsenal
2018-04-22,Arsenal,West Ham,89,Alexandre Lacazette,Assist:Aaron Ramsey,Arsenal
2018-04-22,Arsenal,West Ham,64,Marko Arnautović,Assist:Manuel Lanzini,West Ham
2018-04-22,Stoke City,Burnley,11,Badou Ndiaye,Assist:Mame Biram Diouf,Stoke City
2018-04-22,Stoke City,Burnley,62,Ashley Barnes,,Burnley
2018-04-22,Manchester City,Swansea City,12,David Silva,,Manchester City
2018-04-22,Manchester City,Swansea City,16,Raheem Sterling,Assist:Fabian Delph,Manchester City
2018-04-22,Manchester City,Swansea City,54,Kevin De Bruyne,Assist:Danilo,Manchester City
2018-04-22,Manchester City,Swansea City,64,Bernardo Silva,,Manchester City
2018-04-22,Manchester City,Swansea City,88,Gabriel Jesus,Assist:Yaya Touré,Manchester City
2018-04-23,Everton,Newcastle Utd,51,Theo Walcott,,Everton
2018-04-28,Newcastle Utd,West Brom,29,Matt Phillips,Assist:Jake Livermore,West Brom
2018-04-28,Southampton,Bournemouth,25,Dušan Tadić,Assist:Mario Lemina,Southampton
2018-04-28,Southampton,Bournemouth,54,Dušan Tadić,,Southampton
2018-04-28,Southampton,Bournemouth,45+1,Joshua King,Assist:Simon Francis,Bournemouth
2018-04-28,Huddersfield,Everton,39,Cenk Tosun,Assist:Theo Walcott,Everton
2018-04-28,Huddersfield,Everton,77,Idrissa Gana Gueye,Assist:Leighton Baines,Everton
2018-04-28,Crystal Palace,Leicester City,17,Wilfried Zaha,Assist:James McArthur,Crystal Palace
2018-04-28,Crystal Palace,Leicester City,38,James McArthur,Assist:Wilfried Zaha,Crystal Palace
2018-04-28,Crystal Palace,Leicester City,81,Ruben Loftus-Cheek,Assist:Mamadou Sakho,Crystal Palace
2018-04-28,Crystal Palace,Leicester City,84,Patrick van Aanholt,,Crystal Palace
2018-04-28,Crystal Palace,Leicester City,90,Christian Benteke,Penalty Kick,Crystal Palace
2018-04-28,Swansea City,Chelsea,4,Cesc Fàbregas,Assist:Eden Hazard,Chelsea
2018-04-29,West Ham,Manchester City,42,Aaron Cresswell,,West Ham
2018-04-29,West Ham,Manchester City,13,Leroy Sané,Assist:Raheem Sterling,Manchester City
2018-04-29,West Ham,Manchester City,27,Pablo Zabaleta,Own Goal,Manchester City
2018-04-29,West Ham,Manchester City,53,Gabriel Jesus,Assist:Raheem Sterling,Manchester City
2018-04-29,West Ham,Manchester City,64,Fernandinho,Assist:Raheem Sterling,Manchester City
2018-04-29,Manchester Utd,Arsenal,16,Paul Pogba,,Manchester Utd
2018-04-29,Manchester Utd,Arsenal,90+1,Marouane Fellaini,Assist:Ashley Young,Manchester Utd
2018-04-29,Manchester Utd,Arsenal,51,Henrikh Mkhitaryan,Assist:Granit Xhaka,Arsenal
2018-04-30,Tottenham,Watford,16,Dele Alli,Assist:Christian Eriksen,Tottenham
2018-04-30,Tottenham,Watford,48,Harry Kane,Assist:Kieran Trippier,Tottenham
2018-05-04,Brighton,Manchester Utd,57,Pascal Groß,,Brighton
2018-05-05,Stoke City,Crystal Palace,43,Xherdan Shaqiri,,Stoke City
2018-05-05,Stoke City,Crystal Palace,68,James McArthur,Assist:Ruben Loftus-Cheek,Crystal Palace
2018-05-05,Stoke City,Crystal Palace,86,Patrick van Aanholt,,Crystal Palace
2018-05-05,Watford,Newcastle Utd,2,Roberto Pereyra,Assist:Abdoulaye Doucouré,Watford
2018-05-05,Watford,Newcastle Utd,28,Andre Gray,Assist:Roberto Pereyra,Watford
2018-05-05,Watford,Newcastle Utd,55,Ayoze Pérez,Assist:Javier Manquillo,Newcastle Utd
2018-05-05,West Brom,Tottenham,90+2,Jake Livermore,,West Brom
2018-05-05,Bournemouth,Swansea City,37,Ryan Fraser,Assist:Andrew Surman,Bournemouth
2018-05-05,Leicester City,West Ham,34,João Mário,Assist:Marko Arnautović,West Ham
2018-05-05,Leicester City,West Ham,64,Mark Noble,,West Ham
2018-05-05,Everton,Southampton,90+6,Tom Davies,Assist:Idrissa Gana Gueye,Everton
2018-05-05,Everton,Southampton,56,Nathan Redmond,Assist:Cédric Soares,Southampton
2018-05-06,Arsenal,Burnley,14,Pierre-Emerick Aubameyang,Assist:Alexandre Lacazette,Arsenal
2018-05-06,Arsenal,Burnley,45+3,Alexandre Lacazette,Assist:Héctor Bellerín,Arsenal
2018-05-06,Arsenal,Burnley,54,Sead Kolašinac,Assist:Jack Wilshere,Arsenal
2018-05-06,Arsenal,Burnley,64,Alex Iwobi,Assist:Pierre-Emerick Aubameyang,Arsenal
2018-05-06,Arsenal,Burnley,75,Pierre-Emerick Aubameyang,Assist:Héctor Bellerín,Arsenal
2018-05-06,Chelsea,Liverpool,32,Olivier Giroud,Assist:Victor Moses,Chelsea
2018-05-08,Swansea City,Southampton,72,Manolo Gabbiadini,,Southampton
2018-05-09,Leicester City,Arsenal,14,Kelechi Iheanacho,Assist:Fousseni Diabaté,Leicester City
2018-05-09,Leicester City,Arsenal,76,Jamie Vardy,Penalty Kick,Leicester City
2018-05-09,Leicester City,Arsenal,90,Riyad Mahrez,Assist:Hamza Choudhury,Leicester City
2018-05-09,Leicester City,Arsenal,53,Pierre-Emerick Aubameyang,,Arsenal
2018-05-09,Chelsea,Huddersfield,62,Marcos Alonso,,Chelsea
2018-05-09,Chelsea,Huddersfield,50,Laurent Depoitre,,Huddersfield
2018-05-09,Manchester City,Brighton,16,Danilo,Assist:Leroy Sané,Manchester City
2018-05-09,Manchester City,Brighton,34,Bernardo Silva,Assist:Leroy Sané,Manchester City
2018-05-09,Manchester City,Brighton,72,Fernandinho,Assist:Leroy Sané,Manchester City
2018-05-09,Manchester City,Brighton,20,Leonardo Ulloa,Assist:Davy Pröpper,Brighton
2018-05-09,Tottenham,Newcastle Utd,50,Harry Kane,Assist:Son Heung-min,Tottenham
2018-05-13,Burnley,Bournemouth,39,Chris Wood,Assist:Ashley Westwood,Burnley
2018-05-13,Burnley,Bournemouth,74,Joshua King,Assist:Charlie Daniels,Bournemouth
2018-05-13,Burnley,Bournemouth,90+3,Callum Wilson,Assist:Jermain Defoe,Bournemouth
2018-05-13,Liverpool,Brighton,26,Mohamed Salah,,Liverpool
2018-05-13,Liverpool,Brighton,40,Dejan Lovren,Assist:Andrew Robertson,Liverpool
2018-05-13,Liverpool,Brighton,53,Dominic Solanke,Assist:Mohamed Salah,Liverpool
2018-05-13,Liverpool,Brighton,85,Andrew Robertson,,Liverpool
2018-05-13,West Ham,Everton,39,Manuel Lanzini,Assist:Marko Arnautović,West Ham
2018-05-13,West Ham,Everton,63,Marko Arnautović,Assist:Edimilson Fernandes,West Ham
2018-05-13,West Ham,Everton,82,Manuel Lanzini,Assist:Pablo Zabaleta,West Ham
2018-05-13,West Ham,Everton,74,Oumar Niasse,,Everton
2018-05-13,Newcastle Utd,Chelsea,23,Dwight Gayle,,Newcastle Utd
2018-05-13,Newcastle Utd,Chelsea,59,Ayoze Pérez,Assist:Jonjo Shelvey,Newcastle Utd
2018-05-13,Newcastle Utd,Chelsea,63,Ayoze Pérez,Assist:Florian Lejeune,Newcastle Utd
2018-05-13,Crystal Palace,West Brom,70,Wilfried Zaha,Assist:Patrick van Aanholt,Crystal Palace
2018-05-13,Crystal Palace,West Brom,78,Patrick van Aanholt,Assist:Andros Townsend,Crystal Palace
2018-05-13,Southampton,Manchester City,90+4,Gabriel Jesus,Assist:Kevin De Bruyne,Manchester City
2018-05-13,Tottenham,Leicester City,7,Harry Kane,Assist:Lucas Moura,Tottenham
2018-05-13,Tottenham,Leicester City,49,Érik Lamela,Assist:Kyle Walker-Peters,Tottenham
2018-05-13,Tottenham,Leicester City,53,Christian Fuchs,Own Goal,Tottenham
2018-05-13,Tottenham,Leicester City,60,Érik Lamela,Assist:Kyle Walker-Peters,Tottenham
2018-05-13,Tottenham,Leicester City,76,Harry Kane,Assist:Danny Rose,Tottenham
2018-05-13,Tottenham,Leicester City,4,Jamie Vardy,Assist:Riyad Mahrez,Leicester City
2018-05-13,Tottenham,Leicester City,16,Riyad Mahrez,,Leicester City
2018-05-13,Tottenham,Leicester City,47,Kelechi Iheanacho,,Leicester City
2018-05-13,Tottenham,Leicester City,73,Jamie Vardy,Assist:Riyad Mahrez,Leicester City
2018-05-13,Huddersfield,Arsenal,38,Pierre-Emerick Aubameyang,Assist:Aaron Ramsey,Arsenal
2018-05-13,Manchester Utd,Watford,34,Marcus Rashford,Assist:Juan Mata,Manchester Utd
2018-05-13,Swansea City,Stoke City,14,Andy King,Assist:André Ayew,Swansea City
2018-05-13,Swansea City,Stoke City,31,Badou Ndiaye,Assist:Xherdan Shaqiri,Stoke City
2018-05-13,Swansea City,Stoke City,41,Peter Crouch,Assist:Lasse Sørensen,Stoke City
